,z0,z1,z2,z3,z4,z5,z6,z7,z8,z9,z10,z11,z12,z13,z14,z15,z16,z17,z18,z19,z20,z21,z22,z23,z24,z25,z26,z27,z28,z29,z30,z31
1,0.8592261,0.9451512,0.783886,0.17994618,0.9295627,1.2894058,0.7860008,0.10806636,0.28529912,0.52547836,1.0032635,1.1451211,1.13439,0.67578465,0.48935798,0.50158244,0.1339221,0.18364184,1.5125749,1.2923771,0.5455473,0.940844,0.5852481,1.0459417,0.26215068,0.9308473,0.6751259,1.1796759,0.6495492,0.23226884,1.0521301,0.1520089
2,0.84772813,0.9635053,0.7744441,0.21281554,0.952604,1.3068905,0.77607626,0.07677671,0.3145333,0.53638655,1.0056056,1.1816261,1.1479678,0.7170537,0.49208254,0.49059522,0.11388254,0.18207258,1.5533165,1.2946402,0.58285356,0.9732022,0.6237204,1.0533366,0.25180364,0.91720587,0.6913259,1.2230711,0.59542197,0.25568697,1.0191615,0.16277258
3,0.9252253,1.0098742,0.862943,0.2893822,1.034652,1.5417844,0.8933212,0.32918444,0.28697658,0.46966532,1.0890002,1.1135526,1.2175696,0.80602574,0.55423826,0.5206364,0.30595255,0.19999397,1.6474533,1.3767549,0.70190376,0.96926093,0.6363434,1.3277549,0.38730657,0.88133883,0.78996074,1.2576455,0.61832464,0.3145459,1.1390889,0.29669917
4,0.9100255,0.98630685,0.8204697,0.18089794,0.9650917,1.3668652,0.7901047,0.11936454,0.32335207,0.55013406,0.9734083,1.1836181,1.1501491,0.6999453,0.4900549,0.5299801,0.15262136,0.20003314,1.5588384,1.3129057,0.5556826,0.9731053,0.64416313,1.0631788,0.25444382,0.94516456,0.7186628,1.2211931,0.619442,0.27996543,1.0379758,0.21235338
5,0.86196655,1.0030754,0.8237875,0.2946202,0.9559228,1.2622026,0.7944957,0.15764743,0.35222465,0.55515414,1.0449313,1.2244402,1.1684097,0.73194605,0.52709377,0.463571,0.14234877,0.20917185,1.5790445,1.3010755,0.5687437,1.0408903,0.66237885,1.0598283,0.31108883,0.92181075,0.7154411,1.1997187,0.63180226,0.2886479,1.0099242,0.22171585
6,0.9288651,1.012388,0.8772015,0.25947675,1.0438515,1.5581421,0.8932243,0.3298156,0.28908098,0.47191674,1.0884107,1.1222036,1.2194796,0.8106415,0.55539894,0.52028066,0.29546475,0.18729332,1.7023362,1.3984846,0.7122012,0.97214246,0.6480268,1.3559701,0.37606296,0.8981424,0.80055404,1.2781856,0.61959755,0.3006989,1.136808,0.30807245
7,0.8273126,0.9694534,0.72444445,0.25885344,0.9435924,1.2533697,0.8041159,0.17119996,0.32130307,0.5456586,1.0687315,1.2269763,1.1635981,0.71767014,0.49254477,0.4711313,0.19088428,0.17919683,1.6374115,1.3034916,0.6551189,1.0019873,0.6241997,0.9835055,0.29880646,0.95215046,0.6991488,1.2366657,0.6673525,0.27711505,1.0412234,0.17128187
8,0.85925037,0.9803602,0.8241441,0.25773147,0.98009634,1.294613,0.79389185,0.16881657,0.32215273,0.53937477,1.072598,1.2162918,1.1648432,0.74636644,0.5565872,0.48441896,0.12690179,0.23506247,1.6153069,1.2766924,0.5648129,1.0401481,0.6535418,1.0535071,0.26881534,0.91485167,0.7187021,1.1941258,0.6303016,0.2822524,1.0151793,0.19546436
9,0.9037318,1.0127351,0.8486447,0.25954938,1.0187362,1.5225787,0.8725481,0.30906138,0.285194,0.46595803,1.0636467,1.1021523,1.1996261,0.7971619,0.5332058,0.49404383,0.28542048,0.17827588,1.6390222,1.3585232,0.6852728,0.9538087,0.6353891,1.2992721,0.37119058,0.8863146,0.76438963,1.2460667,0.6059612,0.2803492,1.1167313,0.29805955
10,0.87799335,0.9948481,0.75943655,0.2244405,0.97265875,1.3283659,0.80224323,0.113917775,0.33821702,0.5393505,0.99202996,1.2076182,1.1742573,0.70561886,0.49993235,0.4913384,0.11978323,0.15362266,1.594435,1.3065524,0.56019133,0.98074454,0.640013,1.0034925,0.25556752,0.90874565,0.70790696,1.212794,0.6027613,0.25576264,1.0169181,0.15277827
11,0.83617145,0.9605775,0.7935793,0.20116353,0.9384704,1.306728,0.7635311,0.11070383,0.31813395,0.5424126,0.98312527,1.1841393,1.1493071,0.69806606,0.49005356,0.48633915,0.12006203,0.17390297,1.5607277,1.2970914,0.5893408,0.9745501,0.60477525,1.0277352,0.2406609,0.93881893,0.6873919,1.2097888,0.6308506,0.2513,1.0417919,0.13266717
12,0.8878136,0.9768961,0.79024005,0.17885342,1.0136994,1.3803629,0.830646,0.14196399,0.35863903,0.51265883,0.9487764,1.153223,1.1928612,0.7155788,0.4562906,0.5165362,0.1498463,0.2614761,1.6542182,1.3185328,0.6339265,0.94653815,0.6381279,1.113937,0.27594626,0.9625006,0.72108704,1.2621531,0.610898,0.28617063,1.0631996,0.2570037
13,0.8218858,0.9333488,0.8052165,0.23410876,0.9549954,1.3270473,0.7981754,0.15347897,0.3217071,0.59118646,1.097225,1.216297,1.1579888,0.72760755,0.56258047,0.5193196,0.14076321,0.26598454,1.5976673,1.3558637,0.6164882,1.0024698,0.6312364,1.0778207,0.30388245,0.9604597,0.6803355,1.2173072,0.67301625,0.31688726,1.0726314,0.16360606
14,0.9020091,1.1024511,0.8905176,0.34258187,1.0404224,1.3879787,0.82302845,0.21022858,0.43772495,0.60215497,1.0494815,1.2124722,1.2392241,0.80160224,0.531736,0.5501163,0.13435334,0.27229849,1.6757139,1.3520267,0.60678285,1.0337621,0.77510417,1.1385949,0.3151154,0.9299356,0.77989006,1.2678759,0.58515316,0.38865253,1.0842224,0.32470068
15,0.8688946,0.9487045,0.79795873,0.23017451,0.95378274,1.3496517,0.81037116,0.12587646,0.3188783,0.5576686,1.0373774,1.1875517,1.1621128,0.7122701,0.5136672,0.5369039,0.12855195,0.20656854,1.6050557,1.3130859,0.6019582,1.0089175,0.6354564,1.0676732,0.2539613,0.93420947,0.75170475,1.2302442,0.6224528,0.27826682,1.0165749,0.18935221
16,0.8398829,0.96317744,0.71015865,0.22572573,0.9952067,1.3460137,0.8231362,0.13974068,0.33610883,0.50647855,0.9901906,1.1463675,1.1746157,0.7176197,0.5140651,0.49139005,0.16072087,0.13873312,1.5977529,1.2834888,0.6366812,0.95636314,0.6170068,1.0180547,0.26767585,0.9373913,0.6483699,1.2159911,0.6318681,0.29055408,1.0570157,0.17375028
17,0.9234586,1.0922822,0.90343106,0.35768834,0.9266219,1.3513365,0.8537589,0.16106811,0.33575973,0.5350536,1.12559,1.1815588,1.2126232,0.8331645,0.54189587,0.51205593,0.17877537,0.23558904,1.6493757,1.3898491,0.5287398,1.0804611,0.6687725,1.0731026,0.3672126,0.94693017,0.68768317,1.1986029,0.68133503,0.30984914,1.0749322,0.33546594
18,0.9228196,1.021549,0.8740364,0.26537886,1.0277021,1.5457159,0.89647657,0.32019198,0.28602093,0.47605294,1.0811325,1.1148676,1.2130748,0.8125202,0.5586678,0.51778847,0.29267725,0.19295219,1.6836618,1.3946983,0.7009915,0.9668863,0.6527088,1.3423978,0.375267,0.8962044,0.7972299,1.263432,0.62631994,0.29839128,1.1243215,0.30682248
19,0.8793692,0.9681567,0.74913543,0.18215415,1.0181984,1.3553889,0.81194913,0.12169032,0.35222682,0.5422876,0.97616214,1.2201293,1.1814567,0.6854169,0.521346,0.50180787,0.08415095,0.13840297,1.6050154,1.3096558,0.61109793,0.968258,0.64706206,1.026664,0.23065652,0.9551795,0.7148819,1.2357084,0.6140604,0.29075056,1.0304211,0.13301979
20,0.907112,1.0286647,0.8653687,0.25321797,1.0035065,1.5192826,0.87826806,0.31861508,0.28127328,0.47394595,1.0499333,1.110377,1.2000861,0.8102388,0.5319912,0.51111585,0.27092072,0.17133409,1.6853678,1.3832066,0.67880654,0.9335129,0.6612164,1.3176327,0.3641598,0.8814251,0.77651995,1.2287133,0.5992985,0.27471483,1.1220783,0.31571057
21,0.9151898,1.0200037,0.84848744,0.25564995,1.0249459,1.5267459,0.8835215,0.30747116,0.2878871,0.46685562,1.0647917,1.1057007,1.2213042,0.7829153,0.5289245,0.5100069,0.2776859,0.2011325,1.6621388,1.3792312,0.69840264,0.94792634,0.6277354,1.3134218,0.36947814,0.8714313,0.7622379,1.258061,0.61903083,0.27343827,1.1247817,0.2940429
22,0.8585941,0.971567,0.80348414,0.17324384,1.0013587,1.3322487,0.7955857,0.16481233,0.34337887,0.56558794,0.99556255,1.2286707,1.1800712,0.7268659,0.5285649,0.5336475,0.12173886,0.16509277,1.6022532,1.3102714,0.6184116,1.0132114,0.6249282,1.0559633,0.22407064,0.9740456,0.71519446,1.2215893,0.65922904,0.2946806,1.0543233,0.20912206
23,0.8749882,0.96072096,0.75051194,0.18640324,0.9923224,1.3460178,0.82351995,0.13905714,0.3273918,0.54263794,0.9890049,1.2042847,1.1825948,0.68171483,0.5467624,0.48971817,0.1291417,0.1860265,1.6200565,1.318917,0.59446645,0.95706284,0.65685576,1.0635176,0.23417518,0.9298951,0.6987147,1.224689,0.6258285,0.25860146,1.0302294,0.08992761
24,0.82883084,0.98280895,0.78301066,0.1964986,0.9505991,1.3043102,0.7569189,0.12641075,0.3258688,0.5581961,0.9937373,1.2035254,1.1629169,0.72029614,0.50553507,0.47576976,0.07032718,0.14209837,1.5679631,1.2712978,0.57925373,0.9898358,0.64891267,1.0503973,0.22850138,0.9301514,0.68226767,1.2089646,0.6101755,0.2703869,1.0243138,0.14794418
25,0.84892076,0.95961213,0.7746595,0.21008271,0.96886516,1.3054715,0.78136706,0.11319014,0.32052195,0.5385968,0.9887711,1.1897479,1.1592318,0.69329756,0.50388485,0.48921058,0.0721455,0.17051075,1.6001959,1.3082597,0.61687934,0.9875246,0.6354415,1.0476209,0.24648844,0.9205811,0.6990344,1.2133558,0.59473085,0.27058303,1.0405356,0.13581075
26,0.91228807,1.0489627,0.8479194,0.19996715,0.9469879,1.3857985,0.8115458,0.14279069,0.35033455,0.5346833,1.0069029,1.1240336,1.1882029,0.73896927,0.48266724,0.5269122,0.15753856,0.24812381,1.6382504,1.3607535,0.57090425,0.9820283,0.6130994,1.0334274,0.30245218,0.9527745,0.6580251,1.2300953,0.67502534,0.34105885,1.1269803,0.2527739
27,0.86217535,0.9123895,0.74778473,0.22552961,0.93024534,1.2984891,0.8087168,0.16012195,0.32465112,0.51910365,1.0298746,1.1277329,1.1518474,0.71363026,0.47126758,0.5934694,0.14792398,0.2573555,1.5490249,1.2890131,0.62476784,0.98457587,0.5811032,1.0410314,0.2961444,0.9182065,0.6941032,1.2145275,0.6510251,0.26248857,1.0688353,0.23892163
28,0.8548056,1.0312748,0.81139135,0.33901757,0.98546755,1.2985723,0.7833506,0.20732185,0.37373388,0.596995,1.0969517,1.2629389,1.1908741,0.78502995,0.56786025,0.44616526,0.19591093,0.23178889,1.6692996,1.3178856,0.5963751,1.0366639,0.70671815,1.0965134,0.3032246,0.9813218,0.66322,1.2804209,0.62187654,0.32487145,1.0418739,0.24031055
29,0.8796726,0.96953636,0.80565315,0.17979732,0.9730479,1.331172,0.78205496,0.10215104,0.33056566,0.5620898,0.98698413,1.1956729,1.1549846,0.6818427,0.5103514,0.4916672,0.15214974,0.15192077,1.5441777,1.2956591,0.53416866,0.9620281,0.6531659,1.0643544,0.25418562,0.9651222,0.7115407,1.2012419,0.6474395,0.2470777,1.011433,0.14863734
30,0.90418315,0.95497286,0.8183253,0.1901439,1.0010043,1.387919,0.82953644,0.17996362,0.4120948,0.55301493,1.0380716,1.1329508,1.2094464,0.75862557,0.5771992,0.5759242,0.24231306,0.23880737,1.5981213,1.3096005,0.61525667,1.0218915,0.5726492,1.1104631,0.21885164,0.9839671,0.68885577,1.2666938,0.72415274,0.29543665,1.1449577,0.27236742
31,0.876515,1.0022902,0.80037975,0.20226549,0.992311,1.3513126,0.7943552,0.113630585,0.32184607,0.5644839,1.0306423,1.228234,1.1806492,0.7050992,0.51977324,0.48757675,0.090540364,0.15417594,1.5908715,1.290944,0.56554794,1.0058798,0.6640327,1.0442022,0.22189713,0.95593613,0.71941584,1.2403411,0.61366063,0.28710827,1.0367662,0.13477565
32,0.85280955,0.9666005,0.804807,0.20913652,0.98221,1.373472,0.8417107,0.18059738,0.38864577,0.515527,0.9440818,1.145972,1.1759225,0.7306621,0.5176902,0.5553219,0.13963161,0.24841295,1.6767695,1.3316677,0.65682405,0.9754138,0.6328164,1.0464385,0.28427663,0.896233,0.7355628,1.2154648,0.65740544,0.29686922,1.0664072,0.22172342
33,0.8333508,0.9105951,0.7423455,0.19880782,0.9771553,1.3004643,0.7969415,0.096332155,0.3213817,0.5302202,0.9956276,1.1903316,1.1580648,0.6907812,0.49072328,0.5082763,0.08365392,0.15045382,1.5712559,1.2900808,0.62970245,0.97554386,0.65137297,1.0751343,0.2602495,0.9623841,0.7041191,1.2033981,0.6150581,0.25912976,1.0200309,0.16320382
34,0.860765,0.94975626,0.80140144,0.21143647,0.97834283,1.3348508,0.80838513,0.11479482,0.35781127,0.57495904,1.053078,1.2196923,1.1569982,0.7037191,0.54946965,0.5178455,0.11219044,0.22390063,1.5826825,1.3470682,0.61672837,1.0016716,0.6141111,1.0526642,0.28464636,0.963272,0.71707803,1.2341436,0.66889584,0.3041386,1.0355489,0.1698909
35,0.8141357,0.90986216,0.7237324,0.24804966,0.9424554,1.3048954,0.82294637,0.14490382,0.36394924,0.5605278,1.0663465,1.1493577,1.1645801,0.72119486,0.5223743,0.5351982,0.11707776,0.28304368,1.5872035,1.3107042,0.6478822,1.0086751,0.55672306,1.0039726,0.33454302,0.9488933,0.64437926,1.1992986,0.69946736,0.30752906,1.0741065,0.16936778
36,0.8917332,0.95209897,0.8102415,0.2113713,1.0456532,1.4435062,0.8349402,0.17335625,0.40575328,0.5408945,1.0145396,1.1624179,1.2109889,0.7535236,0.45946312,0.5568643,0.2606894,0.22013986,1.6481644,1.2710469,0.64278203,1.0105243,0.55764896,1.1274899,0.2107631,1.0243756,0.691906,1.2883238,0.6668126,0.34264153,1.1554357,0.295886
37,0.86325186,1.0234069,0.77288777,0.32311136,1.0205734,1.4507422,0.8184757,0.32310545,0.28644797,0.5076449,0.98473394,1.1453562,1.1447206,0.7560198,0.6123653,0.49352843,0.22733271,0.25313187,1.4831877,1.2569458,0.5853077,0.8860924,0.5896686,1.130713,0.4668979,0.8218576,0.67563057,1.1872938,0.530424,0.34359437,1.1389017,0.33778808
38,0.83824545,0.9772316,0.7385893,0.22970432,0.9902804,1.2718662,0.7784656,0.17817888,0.31773132,0.5255505,0.9839706,1.1943916,1.1893663,0.6949947,0.512934,0.4914041,0.08438865,0.24070984,1.5388768,1.1669661,0.6346176,0.94718754,0.5884967,0.9966718,0.2507148,0.9765998,0.6637729,1.2622552,0.60970163,0.3412333,1.0230745,0.23575012
39,0.8731402,0.9524581,0.7801371,0.20102878,0.990915,1.3285114,0.80969,0.12889044,0.36074728,0.53193814,1.0085752,1.1718951,1.1755725,0.711932,0.53575057,0.50348777,0.12328957,0.23118845,1.6381725,1.3393503,0.6160403,0.9930682,0.6495717,1.0588788,0.28733805,0.94519097,0.7184081,1.247942,0.6473902,0.271671,1.0763837,0.1335602
40,0.8368153,0.9576246,0.7609409,0.22843675,0.9902489,1.3232411,0.7944943,0.10615247,0.327741,0.5466989,1.0239297,1.2079923,1.1777146,0.7111828,0.49499178,0.49369815,0.11345082,0.15563746,1.5664922,1.262369,0.6114469,0.99255866,0.6552752,1.0570492,0.24178723,0.9856021,0.7156105,1.2453804,0.6138911,0.29437348,1.0344658,0.13937311
41,0.8484879,1.0004008,0.7542202,0.21089245,1.014255,1.3422271,0.7953396,0.14515442,0.35836452,0.55614036,1.0345957,1.2397403,1.2006564,0.7208229,0.5180909,0.50547785,0.07643818,0.22128119,1.6056218,1.2383126,0.6147202,0.9998897,0.62777853,1.0039235,0.21068394,0.96816385,0.7180572,1.252995,0.6301925,0.31106448,1.0203216,0.15234353
42,0.89518046,0.9568993,0.8091188,0.21116152,1.0929651,1.483505,0.85744804,0.19070736,0.37683868,0.52524805,0.9562368,1.1530331,1.2160789,0.76767045,0.49968398,0.55284476,0.2761889,0.30586636,1.6926847,1.3073648,0.6394589,1.0037315,0.5916471,1.1598831,0.3066111,0.99870086,0.6821961,1.3030385,0.65553856,0.39158478,1.1633838,0.27400675
43,0.8668182,0.96218306,0.703957,0.25240412,0.9818375,1.3528104,0.82820135,0.1265785,0.33104247,0.53139687,1.0507157,1.2086813,1.198274,0.7466192,0.5078394,0.5122902,0.15399371,0.20360875,1.6593816,1.2863733,0.65041494,1.020263,0.63801014,1.0242988,0.31652266,0.9587009,0.7089178,1.2749856,0.6310453,0.2970348,1.0485905,0.22610912
44,0.83589315,0.9253203,0.7834669,0.212874,0.9730687,1.3052269,0.80239207,0.19008322,0.3539922,0.5153536,1.0449555,1.166545,1.1818256,0.7131514,0.5444358,0.59722,0.1305981,0.24187335,1.6077268,1.3059686,0.6596718,1.0128897,0.5875991,1.03287,0.2680657,0.9332524,0.74230725,1.2258917,0.6905151,0.29814008,1.0804274,0.24507014
45,0.89731586,1.0163002,0.7997625,0.30169183,0.97615886,1.3288496,0.8130293,0.17913924,0.3762874,0.5354431,1.0516768,1.2207576,1.1882896,0.7516307,0.5124408,0.5227011,0.2169853,0.29157078,1.6878164,1.3004856,0.59494245,1.0855368,0.6763325,1.0045062,0.2877866,0.936179,0.76854295,1.2478131,0.66703546,0.29219568,1.0381703,0.23228174
46,0.8598566,0.9487594,0.7253363,0.23114567,0.9716022,1.3508353,0.821831,0.13222657,0.3704069,0.5352869,1.0325569,1.1945634,1.1819862,0.6889345,0.5276129,0.53741556,0.1070298,0.19737232,1.598277,1.2657847,0.6441045,1.0050797,0.61549467,1.0166739,0.24169567,0.97465926,0.7501943,1.2468712,0.68916607,0.28006703,0.9919546,0.19568467
47,0.9372983,1.0227242,0.8846677,0.27464762,1.0599358,1.5669307,0.90535283,0.33953398,0.29806036,0.47451016,1.0999708,1.1244673,1.2365065,0.8149666,0.56272715,0.5210229,0.30601877,0.19543575,1.6955074,1.3998771,0.71079093,0.9885772,0.6507314,1.3613703,0.38801226,0.90512896,0.81589717,1.2723879,0.62577665,0.3208313,1.1482826,0.30353525
48,0.9193104,1.0190647,0.85315585,0.28143513,1.0344925,1.5361271,0.8695047,0.3228785,0.28393316,0.47553673,1.0615057,1.119807,1.1986266,0.7998596,0.55274296,0.5059204,0.2801038,0.18413591,1.6542383,1.3608884,0.677308,0.95076054,0.6375958,1.3088758,0.38970193,0.87931937,0.77732146,1.2473068,0.5939561,0.30838668,1.1278914,0.30839324
49,0.9374495,1.020108,0.89177084,0.2667204,1.0511017,1.5754911,0.90865296,0.33888578,0.294106,0.4748062,1.1103367,1.1203505,1.2390591,0.82550716,0.56766814,0.5273156,0.308691,0.19097507,1.7309328,1.4094456,0.72043663,0.9863328,0.6609125,1.3796154,0.37717333,0.9027058,0.81472903,1.2888687,0.6336577,0.31450093,1.1441997,0.31267583
50,0.8866298,0.9884664,0.74214065,0.2279134,1.0469469,1.3319058,0.8180779,0.15737611,0.36375815,0.53006256,1.0269394,1.2247527,1.2120496,0.69917965,0.525363,0.562784,0.13431898,0.24842928,1.6590775,1.2719619,0.60293925,1.0362962,0.6600629,1.0049357,0.28937167,0.93648183,0.7629511,1.2457238,0.6559118,0.27982733,1.0245441,0.16213086
51,0.8578851,0.97718334,0.76253504,0.19300392,0.9408126,1.3194134,0.7800117,0.05491748,0.30916414,0.5559893,0.99757856,1.1761371,1.1776259,0.6881353,0.5037401,0.448632,0.101818204,0.17074998,1.5233703,1.2967248,0.57773757,0.9414361,0.64580137,1.0567855,0.22881216,0.9457225,0.653722,1.2498124,0.61503536,0.25172958,1.0262824,0.147954
52,0.85791504,0.962618,0.82354707,0.17510338,1.0355908,1.3898749,0.8755228,0.16299354,0.4003416,0.5878534,1.0754682,1.2436473,1.22316,0.7276801,0.566065,0.5234035,0.13060915,0.1803511,1.6810966,1.3604842,0.68390584,1.0256245,0.6524952,1.1174066,0.22855578,1.0032737,0.76890695,1.2678095,0.7181664,0.34476104,1.097373,0.21614677
53,0.8499058,1.008008,0.770812,0.261829,0.94028574,1.2695488,0.8202209,0.1968039,0.33831212,0.53041255,1.0491797,1.205447,1.1753668,0.72343004,0.5120466,0.45770758,0.18934523,0.2206626,1.6357807,1.3234898,0.62210417,1.0342747,0.6180426,1.0054362,0.3158526,0.92421013,0.6889951,1.2101684,0.66655827,0.2884874,1.0494254,0.1939795
54,0.93197024,1.0172948,0.867832,0.2802504,1.0286655,1.5470111,0.89407736,0.31642804,0.3087117,0.47772574,1.0964247,1.1200666,1.210443,0.8057904,0.54648715,0.50441426,0.29916584,0.19582468,1.6382619,1.3787174,0.6917687,0.9738374,0.6481809,1.327237,0.3831153,0.90755594,0.79726774,1.2571989,0.63069814,0.2981718,1.1077183,0.29837734
55,0.8625893,0.9649253,0.7523027,0.23182225,1.006749,1.3573978,0.7981863,0.13446014,0.3388767,0.55274934,1.0507015,1.2184529,1.2159353,0.7090677,0.5120032,0.51325136,0.11762659,0.18817791,1.6270943,1.2623765,0.6273409,1.0369146,0.6624345,1.0103836,0.24887453,0.953185,0.73564786,1.2353847,0.64141154,0.2919663,1.0110561,0.14838561
56,0.9026918,1.024538,0.8208695,0.23581281,0.93786573,1.3621693,0.7881613,0.10632812,0.3501203,0.54051113,0.9830004,1.1896405,1.1571429,0.7360751,0.47406933,0.5315,0.11926921,0.21727757,1.5833077,1.2962931,0.5376358,1.0060139,0.6544957,1.0153364,0.25014567,0.9236006,0.7344902,1.2192296,0.6053005,0.32204604,1.0364003,0.23063041
57,0.9075914,0.9939649,0.84971553,0.25634786,1.018744,1.5222,0.8704027,0.31145188,0.2942547,0.46410468,1.0717112,1.0982009,1.1934602,0.79107714,0.53237045,0.51060975,0.28561836,0.18634863,1.665493,1.367097,0.68669444,0.94796693,0.63180375,1.3123345,0.3622153,0.889235,0.78317267,1.2478381,0.6175126,0.28289247,1.0988573,0.30446708
58,0.912197,0.9863608,0.78106564,0.21099061,1.0771333,1.4402167,0.86524266,0.20584358,0.45030624,0.530234,0.88834935,1.1863391,1.2275587,0.7044559,0.5002233,0.54915965,0.21415576,0.1760222,1.6630887,1.2860448,0.63295025,0.98267865,0.6605765,1.0550407,0.298413,0.91892266,0.783339,1.2522787,0.65403533,0.3248098,1.0840127,0.2192058
59,0.8953107,0.99632305,0.80907977,0.29835492,0.94037014,1.3367329,0.814951,0.18266232,0.38373733,0.56930953,0.97662944,1.2062873,1.1746757,0.726495,0.49279934,0.5509979,0.14704207,0.31317413,1.6428065,1.2784103,0.62346965,1.0459703,0.68158025,1.0370504,0.31330293,0.8958527,0.79616165,1.2484225,0.63534856,0.31105942,1.0269182,0.25759923
60,0.8894398,0.9538447,0.714897,0.26197818,0.9855339,1.2981131,0.7420973,0.11008044,0.29185703,0.51901525,1.0484552,1.194475,1.1571205,0.6947238,0.5403978,0.44525793,0.15017325,0.19627468,1.5431507,1.2177091,0.6397274,0.9642962,0.58849406,0.96807307,0.30436134,0.9426433,0.65420955,1.2787844,0.5616522,0.34781528,1.0458063,0.31307977
61,0.87599546,1.0085286,0.7593907,0.256987,0.9658095,1.2808715,0.8254614,0.21959586,0.35944423,0.5062486,1.0635126,1.1857616,1.1932263,0.7312896,0.5194542,0.49693033,0.23165052,0.25113913,1.6752169,1.3133792,0.6416373,1.0682659,0.60389197,0.9764365,0.31204584,0.9073154,0.72191364,1.2274232,0.70211756,0.28227118,1.0661577,0.17264284
62,0.8330576,0.89823705,0.7371545,0.2275038,1.0184559,1.4115871,0.8755992,0.17719476,0.39262164,0.534454,1.0074261,1.1569328,1.208519,0.7553708,0.5258888,0.50400025,0.14273286,0.28000498,1.7402493,1.3226858,0.72978103,0.95654166,0.643795,1.1002356,0.2764269,0.970545,0.7343435,1.2886845,0.70885855,0.3300844,1.1469952,0.20876816
63,0.854983,0.9579666,0.74490124,0.18401065,0.981481,1.3465842,0.7869487,0.1163845,0.33398852,0.5299135,0.99853677,1.1668825,1.1722181,0.68608147,0.4938007,0.4963688,0.08508352,0.14967744,1.5835407,1.255215,0.619632,1.0020766,0.6287331,0.9840969,0.24338658,0.91604596,0.7114216,1.2414266,0.61423147,0.28787506,1.0434813,0.14375539
64,0.8572365,1.0095708,0.7588753,0.19384176,0.958049,1.334506,0.79061025,0.13041106,0.3449633,0.5362344,0.98975563,1.1824561,1.1881924,0.72165185,0.501966,0.48282516,0.07651865,0.16764514,1.5439588,1.2476689,0.5546517,0.981693,0.62750757,1.0061998,0.20398052,0.89358336,0.6932768,1.1923364,0.59381425,0.26081443,1.0166408,0.1432781
65,0.915606,1.0327233,0.79971635,0.23615047,0.9824955,1.3966634,0.7851014,0.14308242,0.40853083,0.5847397,0.95389646,1.2368462,1.1651355,0.7169352,0.48397845,0.50081784,0.13578759,0.19176368,1.5934647,1.2815646,0.5823344,1.0121549,0.65804434,0.97274894,0.22760841,0.9514116,0.7545614,1.2526193,0.58634853,0.317641,1.0267946,0.19182707
66,0.95172405,1.016098,0.84175307,0.2728018,0.9714587,1.418693,0.7853498,0.18880384,0.43682435,0.5693024,0.909347,1.2166322,1.1513219,0.7003476,0.48268414,0.5309399,0.18651491,0.23512535,1.6635787,1.3265898,0.600898,1.0145575,0.70580053,0.999447,0.24477094,0.92455703,0.8022809,1.288162,0.6049398,0.31594962,1.0134963,0.21797693
67,0.8731125,1.0283653,0.79210323,0.18850726,0.9573526,1.3393612,0.7726838,0.10296582,0.34255692,0.5612354,0.987375,1.1760769,1.1719954,0.7047436,0.48612905,0.4672833,0.13138127,0.16904339,1.5748552,1.2965484,0.56000364,0.98611706,0.6418599,1.0119033,0.26660225,0.94056594,0.6787274,1.2225808,0.6296773,0.29789284,1.0719883,0.16141827
68,0.9156965,1.0300348,0.85012525,0.27269185,1.0368508,1.5318389,0.88166165,0.31477997,0.28119045,0.47018752,1.0680646,1.1142942,1.2192199,0.7962032,0.5368619,0.49900568,0.27051666,0.20697159,1.6451074,1.3739661,0.6843313,0.95548874,0.62812936,1.3021994,0.39236563,0.8758052,0.76206255,1.2549042,0.6197643,0.28712597,1.1446657,0.3010406
69,0.8590055,0.96304667,0.803017,0.22470224,0.9573007,1.3196659,0.782237,0.13115515,0.323446,0.54408175,1.0196483,1.1891307,1.1614343,0.7256777,0.50831234,0.5217685,0.11783294,0.18902689,1.5702484,1.2594292,0.5720458,1.0192313,0.63218063,1.0310997,0.23531595,0.9308946,0.72655296,1.2095053,0.6191142,0.2807882,1.030535,0.1878329
70,0.88118905,0.9804237,0.7893861,0.24770798,0.961928,1.316293,0.78647524,0.106539994,0.34763807,0.5466793,1.0038844,1.186072,1.1571211,0.710319,0.51495457,0.48655936,0.1168103,0.19326253,1.588584,1.2929258,0.56955504,1.0196756,0.65457696,1.0217706,0.25016546,0.91883826,0.7325233,1.2280453,0.6127372,0.27332917,1.0152106,0.15650183
71,0.8553055,0.9975277,0.7785878,0.21264023,0.94490916,1.3241149,0.800309,0.13494249,0.33375508,0.5452016,0.9842455,1.1903754,1.1686922,0.7066082,0.4875348,0.5056961,0.084433846,0.17617884,1.5877254,1.3098869,0.58623433,0.9867862,0.63528,1.0296725,0.25252092,0.938185,0.70803326,1.2098355,0.6052165,0.2806744,1.0530332,0.15993358
72,0.8868395,1.0227141,0.8223883,0.2738427,0.9461386,1.3428811,0.81045586,0.12524185,0.3484209,0.54753625,1.0102038,1.1843953,1.169409,0.74562275,0.4851648,0.5429684,0.111522324,0.25882506,1.6274948,1.3246446,0.5958911,1.0295675,0.6445634,1.0473751,0.27245924,0.9518103,0.72685635,1.2267524,0.6342639,0.3260318,1.0614871,0.2431118
73,0.86331755,0.98132807,0.77235705,0.19953199,0.9319415,1.3330407,0.7717424,0.15747511,0.30061123,0.5548881,0.98941,1.1835895,1.1645671,0.6973567,0.4922586,0.47534117,0.10740163,0.18445125,1.5685049,1.3049397,0.5736424,0.9704064,0.6276935,1.0128905,0.2472734,0.9252487,0.6840712,1.226509,0.6183181,0.2853614,1.0644153,0.12649962
74,0.8401249,1.0071387,0.7753591,0.22845273,0.96379256,1.2855318,0.7968797,0.1368905,0.33531812,0.56844294,1.0377767,1.2291075,1.1734732,0.7083588,0.5124196,0.4354703,0.11419386,0.19582586,1.5809226,1.2756165,0.5687537,0.99326676,0.631485,1.0424097,0.2791516,0.96628505,0.67478746,1.1942533,0.6164793,0.28796506,1.0462531,0.15303594
75,0.8758514,0.97959167,0.7798127,0.24175705,1.0330647,1.2885275,0.8245565,0.16635175,0.4103028,0.5880764,1.1092066,1.2705346,1.2065703,0.7102817,0.54379475,0.46804035,0.118157595,0.2471721,1.5921751,1.2964364,0.59297216,1.0354439,0.63383853,1.019255,0.27182823,1.0054199,0.72116596,1.2202549,0.654492,0.31199664,1.0431923,0.14249796
76,0.8474175,0.94944936,0.76438177,0.2858016,1.0716298,1.3178589,0.7975368,0.1883548,0.336953,0.55518144,1.1384641,1.2503861,1.1948928,0.756211,0.59015656,0.5131446,0.18462443,0.2786023,1.6783656,1.238941,0.5957111,1.0592637,0.6678344,1.044327,0.29050684,0.9959369,0.7247638,1.2582464,0.68628633,0.30791116,1.0370153,0.15261956
77,0.8971333,0.98603475,0.7706404,0.2447444,1.0020567,1.3481922,0.8039462,0.13560304,0.391326,0.5366408,0.983466,1.2053808,1.1718456,0.725868,0.50799125,0.5254311,0.15850367,0.14149052,1.6401234,1.297372,0.59364486,1.0033144,0.65158516,1.0044979,0.25383842,0.9406783,0.7505537,1.2655895,0.59886175,0.29907918,1.0262268,0.2012008
78,0.9056287,0.9955697,0.82507867,0.27872857,1.0169567,1.5139072,0.88354677,0.3193818,0.28559497,0.47784826,1.0627388,1.1105456,1.1980151,0.77141005,0.5486165,0.49494082,0.28994265,0.19063736,1.5971799,1.3441982,0.67416763,0.9513635,0.6129415,1.2765819,0.38513342,0.88769114,0.7720437,1.2454422,0.6022884,0.3012106,1.0979536,0.29849443
79,0.89515775,1.0015631,0.82370263,0.2919805,1.0215653,1.5197129,0.8981476,0.324624,0.28639984,0.4738005,1.0771431,1.1113926,1.2149744,0.79298234,0.5814551,0.51562834,0.30742133,0.20156649,1.5919751,1.3484856,0.6714691,0.94927156,0.6020206,1.2824994,0.39954305,0.8586951,0.7655194,1.2405933,0.59039307,0.3387419,1.1287748,0.29655787
80,0.86772233,0.9373479,0.69946206,0.21700415,1.0044795,1.3101372,0.7915327,0.108129166,0.3075275,0.51210845,1.053671,1.2038563,1.1851958,0.69236434,0.5219675,0.490367,0.119182944,0.15425178,1.6168485,1.2529057,0.6136184,1.0059774,0.62799287,1.001051,0.26661637,0.9486575,0.6732615,1.2398394,0.63712525,0.26918975,1.0089494,0.16481432
81,0.88237745,0.99616057,0.7974336,0.29978997,1.0204015,1.3100668,0.7807989,0.14292523,0.35455918,0.5777054,1.041188,1.2769728,1.1954062,0.7307911,0.5350149,0.507348,0.15366794,0.24892151,1.6644307,1.2850146,0.5811221,1.0461617,0.693302,1.0507711,0.25072294,0.96210206,0.7568197,1.2447461,0.6116212,0.29988614,1.0136764,0.18573211
82,0.8828562,0.9635801,0.8465895,0.18837026,0.9896143,1.3622684,0.80089474,0.15554549,0.34938762,0.56030315,1.0337912,1.2121279,1.1602403,0.7162537,0.58018804,0.5111618,0.14168006,0.20328857,1.6209537,1.361448,0.6173722,1.0214319,0.6234018,1.0667417,0.27909476,0.93998474,0.7289649,1.2224778,0.6667593,0.31282896,1.0703613,0.19272327
83,0.8322383,0.957007,0.76483524,0.19391185,0.94428426,1.2855226,0.7836963,0.09940016,0.2958508,0.5170916,1.0072287,1.181113,1.1725212,0.6975862,0.47650024,0.5005845,0.10355677,0.13125898,1.5271411,1.2752656,0.582334,0.9585746,0.632777,1.0545942,0.22725272,0.94339937,0.69096893,1.1897473,0.6285661,0.23536094,1.0093067,0.14814195
84,0.86324453,0.9590698,0.8201885,0.27414823,0.98152167,1.2751886,0.84262985,0.1971547,0.3621719,0.5260724,1.1008837,1.2002764,1.1806135,0.7340614,0.5712399,0.5007295,0.15901917,0.27755246,1.5986772,1.3243352,0.6327107,1.0491122,0.62372035,1.043278,0.3364122,0.9348418,0.7232585,1.1896766,0.67759764,0.30787817,1.0403075,0.21096888
85,0.8740299,1.0004436,0.81612766,0.29279184,1.1096754,1.5014018,0.86042917,0.209222,0.37590584,0.5505361,1.0344992,1.1698716,1.2290527,0.80017906,0.5340613,0.52314806,0.27031308,0.24949548,1.55894,1.3055712,0.6400709,1.0377179,0.644156,1.1661644,0.30409145,0.98416346,0.7090339,1.2691363,0.6760863,0.35988277,1.106416,0.25985533
86,0.9050357,1.0091063,0.8266767,0.37452754,1.0300409,1.3032535,0.8035084,0.22716042,0.34120986,0.57817984,1.0542647,1.2588212,1.1919105,0.7534792,0.5446465,0.63429976,0.2632824,0.3711836,1.7322799,1.3042572,0.60035545,1.1370002,0.6710769,1.0086151,0.373103,0.9406301,0.80651224,1.2909335,0.69953805,0.30924013,1.0492942,0.2599619
87,0.8663194,1.0279244,0.777715,0.24649496,0.92125756,1.3290641,0.79099196,0.15182452,0.32763565,0.5379068,0.97325766,1.167902,1.1783323,0.7230517,0.4770912,0.48288172,0.14305021,0.23339193,1.580736,1.2274625,0.54912144,1.0007021,0.636458,0.98390335,0.23263614,0.89370835,0.70780456,1.1995223,0.607981,0.2892451,1.0461804,0.18559
88,0.87306976,0.99169976,0.7954009,0.23702623,0.92507935,1.354204,0.80700177,0.10823059,0.32093072,0.5430238,0.996114,1.1592904,1.1641095,0.7352217,0.50311655,0.52829593,0.10833248,0.19608869,1.5650089,1.2900608,0.557306,1.0066595,0.607192,1.01876,0.2567973,0.9207224,0.6975523,1.2017674,0.6375724,0.29098538,1.0334251,0.2063764
89,0.9283965,1.0485959,0.8448148,0.3347583,0.96385217,1.3708868,0.8455374,0.16812742,0.37673044,0.5647328,1.0260642,1.2528507,1.2136751,0.7482293,0.5006192,0.55248284,0.17479649,0.3240865,1.6884576,1.3531941,0.62552816,1.0839467,0.7437405,1.0781898,0.3154767,0.9642333,0.7917364,1.2838091,0.6326849,0.32055134,1.0526823,0.26872426
90,0.8728906,0.9665317,0.8108184,0.24924286,1.0832725,1.4814427,0.8250495,0.19114815,0.37069678,0.51343477,1.0129501,1.1445903,1.2267311,0.75904495,0.4658079,0.51659155,0.2725041,0.2229034,1.60922,1.3054811,0.6442319,0.99524766,0.5771614,1.1725738,0.2602987,0.9623689,0.6617399,1.2699205,0.6490302,0.311964,1.143411,0.2670775
91,0.8652903,0.99796164,0.75428045,0.23372668,0.9610652,1.3300108,0.80897725,0.11463744,0.3166122,0.5336823,1.0330933,1.1777033,1.1866368,0.72549695,0.5033664,0.4776667,0.13945211,0.16857074,1.6081234,1.2945422,0.5676337,0.99120516,0.6298668,1.0346622,0.25991926,0.9280649,0.68156,1.2179964,0.6240646,0.26288256,1.0459398,0.14853545
92,0.85991746,0.9507696,0.7507118,0.24299622,0.9608208,1.2841941,0.79335743,0.07983727,0.31055906,0.52956796,1.0491545,1.1784503,1.1771413,0.71462566,0.4962095,0.48001194,0.10676373,0.22205532,1.5897816,1.2858464,0.6268741,1.0082026,0.6560775,1.0764406,0.26543635,0.93061304,0.6807166,1.2445318,0.5753483,0.275015,1.0586555,0.17221418
93,0.89111125,0.95817256,0.7436475,0.23925675,1.0113587,1.3474249,0.829035,0.1209785,0.29559729,0.51127577,1.0448,1.2022309,1.2007296,0.7196272,0.4940483,0.5085811,0.13289937,0.1730787,1.6229608,1.290589,0.60588896,1.0077063,0.63570774,1.0614284,0.32100454,1.0179347,0.72235656,1.2845873,0.61938083,0.32566977,1.0687532,0.25519815
94,0.87950677,0.96117425,0.76940465,0.24845372,1.0332352,1.3414141,0.87383443,0.15681486,0.39802417,0.552821,1.0912954,1.2139478,1.2207599,0.7075709,0.56134325,0.5222312,0.12180351,0.29457664,1.5982373,1.3157057,0.5928007,1.024692,0.63373274,1.0294865,0.29501432,0.96961653,0.723162,1.2039421,0.6659919,0.32206565,1.0388186,0.13934287
95,0.90205264,0.9655452,0.7993604,0.25953257,0.99268085,1.4800137,0.8705113,0.30221826,0.29399526,0.46849212,1.0308534,1.095136,1.1608504,0.75246525,0.5467129,0.510002,0.2702136,0.20296738,1.5954068,1.3329382,0.6584693,0.931241,0.6003307,1.241491,0.36048573,0.8884668,0.7760475,1.2197385,0.60225254,0.31588048,1.0520434,0.29107848
96,0.8835285,0.97421145,0.7960969,0.21207313,0.957641,1.3168823,0.798356,0.1091636,0.3158453,0.5311598,1.0306138,1.1841005,1.1566728,0.714873,0.50879896,0.50497645,0.1252329,0.17401673,1.5312135,1.2966491,0.5373144,0.9886966,0.63521177,1.0489228,0.2800136,0.9517943,0.7039482,1.1989394,0.6266516,0.2538247,1.0312053,0.18962522
97,0.8921917,1.0065746,0.8129197,0.2982568,0.9688024,1.3020521,0.8066976,0.15396802,0.34330815,0.529382,1.0611792,1.1961735,1.1782379,0.74153435,0.5261288,0.48520532,0.15331428,0.24480617,1.6266087,1.2856798,0.56195974,1.069261,0.64787817,1.00739,0.28384554,0.9168074,0.7353113,1.209512,0.6408088,0.27913192,1.0119503,0.21139656
98,0.87744516,0.9719241,0.7627893,0.20049593,1.0521135,1.4315646,0.8702782,0.14101979,0.36382776,0.5379174,0.9462378,1.169211,1.2022059,0.7352304,0.49239057,0.51360106,0.20478137,0.2270976,1.6641988,1.3262597,0.69928795,0.93330246,0.63731456,1.1287324,0.28254586,0.99658275,0.7072037,1.2995344,0.6455122,0.30748403,1.0553732,0.2608392
99,0.85799354,0.97902197,0.7867455,0.2182845,0.94980747,1.3239958,0.79930377,0.12080569,0.33252668,0.5526649,1.026821,1.1829634,1.1614043,0.70387334,0.5044388,0.48856825,0.09562404,0.18601835,1.5729249,1.3057137,0.610579,1.0116446,0.6234021,1.0243057,0.25042993,0.9418045,0.73156846,1.2280439,0.6302818,0.28437445,1.0439975,0.1585684
100,0.92584586,1.0191562,0.8619865,0.2750198,1.0276343,1.5531615,0.9161209,0.3187407,0.30238947,0.4723287,1.0866095,1.1054089,1.2306417,0.8043721,0.55125934,0.53355116,0.3063013,0.19398656,1.6914401,1.4053249,0.71813864,0.97999287,0.6454528,1.3553593,0.36753172,0.8999537,0.8112421,1.2812982,0.6224959,0.305227,1.1172386,0.30082023
101,0.9225476,1.0066928,0.858793,0.25712413,1.0532997,1.5545018,0.88883984,0.32474998,0.2835911,0.46951628,1.083774,1.111258,1.216702,0.79521626,0.5597335,0.5158151,0.3009938,0.19595784,1.6947314,1.3794287,0.7113713,0.97120273,0.62488204,1.3360987,0.38271296,0.895599,0.7841174,1.2850509,0.6236561,0.29830202,1.1303147,0.30898118
102,0.89651155,1.0086147,0.8172184,0.30224743,1.0272517,1.5097947,0.87054044,0.31190217,0.286128,0.47850442,1.0669154,1.1210225,1.1917441,0.78503305,0.55712956,0.5020578,0.2887872,0.20711493,1.5713053,1.3414625,0.6607368,0.9444593,0.600055,1.2603823,0.41192946,0.8633958,0.7593945,1.2295234,0.60078704,0.319179,1.1168615,0.29850382
103,0.8648742,0.95085186,0.78288674,0.17865263,1.0317625,1.358189,0.862087,0.12185184,0.35734552,0.5690751,1.0319113,1.2146231,1.2136607,0.68800795,0.5617724,0.49324808,0.10439242,0.19849817,1.6079934,1.3398197,0.6385071,0.9870096,0.6555679,1.0973297,0.24002218,0.9935321,0.7389729,1.2518642,0.646881,0.29601777,1.0502931,0.15993612
104,0.82570547,0.9083712,0.76298165,0.16411097,0.9951313,1.3535111,0.826266,0.1373249,0.35628992,0.5351119,1.0299264,1.1223234,1.1762147,0.7096643,0.5580229,0.523233,0.11441842,0.245076,1.6371129,1.3148069,0.6556422,0.9728222,0.55923235,1.0563635,0.23454872,0.94693744,0.6858977,1.2544756,0.6933563,0.3106843,1.1246568,0.21768518
105,0.8618853,0.9513823,0.822622,0.27063602,0.97964144,1.31124,0.84808767,0.16644624,0.3338203,0.54046655,0.9864348,1.1802866,1.1652583,0.70909214,0.47655904,0.54168725,0.14264028,0.2884066,1.6005442,1.3214655,0.6508482,0.98900944,0.6605126,1.1103008,0.2930502,0.9770392,0.73719096,1.2247384,0.63099664,0.31120908,1.0581124,0.2575859
106,0.8708008,0.96558976,0.80873,0.24266593,0.96494675,1.3419566,0.8011722,0.12659928,0.3258198,0.5533458,1.0532361,1.1964116,1.1517868,0.7237682,0.53121376,0.53026384,0.14013922,0.231113,1.6196191,1.2873579,0.56109107,1.0344943,0.6461791,1.0376031,0.2527473,0.945519,0.754729,1.2103661,0.6567714,0.28177842,1.0101323,0.19140004
107,0.8502628,0.972372,0.7590912,0.23455693,0.9818945,1.2887728,0.8079514,0.12401909,0.32412493,0.5292418,1.0453924,1.1839726,1.1860195,0.71685386,0.5049846,0.4792779,0.10670673,0.1585002,1.5883759,1.3011208,0.6154876,0.98952854,0.6268654,1.0482684,0.26309916,0.9296276,0.6803948,1.2181481,0.60215515,0.26621187,1.0414121,0.14941898
108,0.8620741,0.9651058,0.7588066,0.23254567,0.97516006,1.3214393,0.80952734,0.14617696,0.31739324,0.5163278,0.9868898,1.1863581,1.1666403,0.70924526,0.46180433,0.54447484,0.14913006,0.23518322,1.5702153,1.2850931,0.6191224,0.99042696,0.6249684,1.0588615,0.27961496,0.9870649,0.7062149,1.2484875,0.61412764,0.29808965,1.0471885,0.23986979
109,0.8607513,0.92173475,0.78278923,0.23813178,1.0626851,1.4063427,0.8345844,0.13129213,0.34902912,0.5661587,0.8901375,1.2254046,1.1796689,0.71487427,0.47519192,0.53112376,0.2647974,0.18537773,1.6663017,1.2726038,0.65916485,0.97643304,0.6504872,1.0827993,0.27305353,0.9961904,0.7283947,1.266856,0.64120877,0.36818033,1.065427,0.21226025
110,0.8462164,0.9092823,0.69406015,0.19599256,0.9861205,1.333648,0.83765715,0.12054167,0.3354047,0.49839795,1.0408561,1.163217,1.184058,0.7137217,0.5094235,0.49551553,0.10143509,0.18052353,1.6001214,1.2503991,0.64174676,0.98602796,0.59385496,1.0097322,0.2670946,0.96378,0.7157152,1.2331095,0.6777357,0.2999883,1.0679367,0.17737733
111,0.8705986,0.9379971,0.7675792,0.22353733,0.95910823,1.3482565,0.8348143,0.13930798,0.3457436,0.52681684,1.0077056,1.1617055,1.1617926,0.70847577,0.50484085,0.5352829,0.13421834,0.2176949,1.6453154,1.3409991,0.63569784,0.99560803,0.61981386,1.0180699,0.3012567,0.9351314,0.7038628,1.2133363,0.67556,0.2831413,1.0299872,0.18721649
112,0.8747572,0.95131934,0.7245299,0.21113418,0.9931983,1.3039219,0.8297007,0.11332295,0.32010928,0.5122897,1.0196937,1.179283,1.192835,0.6954412,0.4974951,0.5065095,0.08537908,0.14309879,1.596996,1.271192,0.63038105,0.99568325,0.6467347,1.0376258,0.32026872,0.93314564,0.7317694,1.2646769,0.61463505,0.27851778,1.0238327,0.21929188
113,0.8717229,0.9606649,0.782634,0.23512329,0.9471423,1.3465927,0.8072782,0.07984726,0.27707663,0.57716024,1.0075891,1.1811064,1.1682515,0.6976098,0.505672,0.47595018,0.16857323,0.13787085,1.5133084,1.2897193,0.55834395,0.9639742,0.61822003,1.0614977,0.24268532,0.9486729,0.6741859,1.2261587,0.61878574,0.2653696,1.0078382,0.15497905
114,0.8463796,0.93442893,0.7554827,0.20501396,0.963783,1.3362813,0.8259525,0.13849849,0.33916286,0.5427343,1.0178813,1.1764679,1.182763,0.6982127,0.5174515,0.56338376,0.12505741,0.18372697,1.5828627,1.3050994,0.6364358,0.9938202,0.59869915,1.0604306,0.24793515,0.9567907,0.73990047,1.2263418,0.67901534,0.27209893,1.0324438,0.22756258
115,0.9216397,1.0192642,0.7995274,0.31755495,1.0175054,1.3675605,0.8551585,0.16925442,0.36664453,0.57193375,1.1099362,1.2427688,1.2427278,0.74933934,0.5809606,0.5685423,0.20412217,0.30890283,1.759123,1.2846853,0.63199455,1.1179711,0.72563946,1.0637987,0.34294727,0.9386623,0.79570657,1.299367,0.65628463,0.306719,1.0189794,0.2300552
116,0.8884008,0.97927326,0.7794514,0.2182638,0.98661786,1.3384976,0.8216799,0.15102962,0.359838,0.5377507,0.9917478,1.1954174,1.1802138,0.67788696,0.50574195,0.5041972,0.13630609,0.17764588,1.6341338,1.3395263,0.5883069,0.9941671,0.6522243,1.0315297,0.26514485,0.9388826,0.7445666,1.2251903,0.6244176,0.28084332,1.0329398,0.13594145
117,0.8575499,0.9709962,0.70179445,0.23132347,1.0185528,1.343713,0.83641225,0.0818389,0.31520057,0.49828544,1.0369952,1.1827269,1.2279295,0.72646034,0.49511695,0.5044551,0.13185382,0.14818569,1.6424699,1.2716438,0.66073334,0.9853844,0.63018775,1.0617694,0.30062634,0.9680892,0.69615924,1.256725,0.6210733,0.29861125,1.0549566,0.2679235
118,0.9219977,1.0054675,0.864709,0.26057065,1.0529385,1.5509146,0.8834568,0.3234509,0.29608515,0.46023554,1.0933654,1.1136265,1.2219058,0.80224276,0.5419601,0.51565117,0.29516,0.19673839,1.6754147,1.3804765,0.7056876,0.9819877,0.61604404,1.3306488,0.3830744,0.8888985,0.7874472,1.2802663,0.62001085,0.29472062,1.1389775,0.30795717
119,0.8569735,0.9965591,0.7204485,0.24384621,0.9728481,1.3335177,0.7819057,0.08988263,0.29847664,0.5268282,1.0503296,1.2219627,1.1875154,0.7220988,0.477395,0.49640036,0.16127025,0.14092538,1.589511,1.2572435,0.60464454,1.003649,0.63509375,0.9889292,0.26114962,0.9534595,0.685749,1.2462641,0.6148397,0.27538398,1.0211172,0.24971668
120,0.93458456,1.0225682,0.8816607,0.27399307,1.0515895,1.5703665,0.91466135,0.33536938,0.29302,0.47486708,1.100877,1.1185188,1.2414631,0.81598705,0.5695024,0.5382858,0.31278247,0.19402039,1.7200131,1.4085749,0.72617096,0.9888212,0.65059865,1.3768456,0.38142446,0.8993028,0.82007897,1.2905273,0.6259417,0.3197683,1.146758,0.30795604
121,0.86046296,0.94605887,0.8149409,0.20538211,1.0215532,1.3243853,0.8479493,0.13148654,0.3520568,0.552226,1.0391303,1.2124649,1.181466,0.7022226,0.5536133,0.5007446,0.10856388,0.2154019,1.5738965,1.3249037,0.6175684,0.9993416,0.65331614,1.0798992,0.27048817,0.9747812,0.7524718,1.2169839,0.64729536,0.31021747,1.0448202,0.189927
122,0.8707114,1.0046277,0.7580014,0.20511346,1.0169462,1.4084611,0.8593321,0.116033964,0.37182972,0.5085783,0.9969452,1.1779839,1.2503359,0.72970957,0.5121855,0.5293747,0.12458534,0.15910855,1.6731142,1.2938021,0.65533936,0.9871666,0.6330068,1.0510169,0.267296,0.9472892,0.7249358,1.268573,0.64148605,0.30983633,1.0554953,0.2144324
123,0.85763407,0.93858504,0.796627,0.23129837,0.9470226,1.3388828,0.8219405,0.15859842,0.3250102,0.5592527,1.0173805,1.1574531,1.1677712,0.7001549,0.547819,0.5501518,0.14195567,0.24720497,1.588917,1.3432797,0.62963533,0.99066514,0.61789477,1.0797402,0.27732527,0.9180425,0.73232126,1.2185193,0.65292,0.2853474,1.0404444,0.23289403
124,0.8570649,0.94058365,0.7561208,0.19535227,0.98835546,1.3649483,0.81815463,0.10150803,0.33094484,0.5608583,0.9635064,1.1903844,1.1734763,0.6882546,0.51054406,0.5279105,0.1457617,0.159342,1.56891,1.2768868,0.5785541,0.9919181,0.61835384,1.0208505,0.22451475,0.9538337,0.7187167,1.1987579,0.63740504,0.3068625,1.0118164,0.17545322
125,0.8686951,1.0219327,0.80516976,0.29073852,0.9346561,1.3081157,0.7876088,0.12013752,0.32873076,0.5503094,1.0501336,1.2143371,1.1675063,0.757785,0.4811686,0.49663544,0.1378567,0.22119722,1.6135411,1.2865822,0.56016916,1.0382481,0.6593622,1.0254403,0.26495537,0.92833906,0.73083407,1.218344,0.59705406,0.29439375,1.0258176,0.22058058
126,0.9006738,1.0181117,0.7619876,0.27267087,1.0364174,1.3305691,0.8111484,0.1571755,0.3764602,0.5210065,1.0245266,1.2285769,1.2225722,0.73750174,0.5180018,0.5496834,0.17517406,0.12647693,1.6603615,1.3225132,0.5849983,1.0120398,0.6717545,1.017674,0.29989892,0.95083565,0.7473999,1.264303,0.62589455,0.29807302,1.0342693,0.2892125
127,0.87886137,1.0181775,0.8259271,0.24972127,0.9700561,1.3416109,0.7967869,0.1341416,0.33723748,0.56610817,1.0178276,1.2187607,1.1736934,0.7242285,0.5194085,0.5006341,0.1091892,0.2131145,1.5904887,1.2930658,0.54200834,1.0253444,0.6781958,1.0542886,0.2432008,0.91691905,0.7443629,1.2051605,0.599416,0.30797446,1.0122814,0.20722735
128,0.8346061,0.9174102,0.75743395,0.20686853,1.010586,1.316745,0.8290181,0.10009849,0.33872956,0.54636705,1.0454268,1.1870471,1.1922872,0.7039598,0.48208445,0.4734639,0.13229112,0.27613515,1.6112684,1.3209814,0.6810199,0.9744586,0.649961,1.1082906,0.24974765,0.998555,0.6925006,1.2784207,0.6402524,0.27203095,1.0882667,0.19747505
129,0.8612045,0.9453973,0.77834576,0.22076437,0.9909752,1.4293325,0.790924,0.19602838,0.377262,0.48865092,0.960237,1.0854808,1.1264971,0.7563449,0.5251044,0.5336027,0.2798652,0.24313088,1.5752025,1.2771722,0.6274282,0.9827763,0.5515184,1.1068127,0.22701366,0.9359763,0.6649644,1.2281276,0.6303422,0.34328845,1.0922189,0.26350832
130,0.8555102,0.96183074,0.7728749,0.21720248,0.9695079,1.2958306,0.8225848,0.13002725,0.3225375,0.51018316,1.0296534,1.1586463,1.1777176,0.69807345,0.5467719,0.4951439,0.095306516,0.20561844,1.5707284,1.304054,0.5659799,0.9876799,0.62179625,1.0400553,0.26808912,0.88999796,0.70287603,1.1890996,0.61968356,0.24400648,1.0098795,0.13076629
131,0.916538,1.0075946,0.8467077,0.29653445,1.0341675,1.5266964,0.89043975,0.34261554,0.27351952,0.4899186,1.0736434,1.1179515,1.2133093,0.77682847,0.5810006,0.5181222,0.2867811,0.20798926,1.6162292,1.3661517,0.6808597,0.9557511,0.6287164,1.3011751,0.40642375,0.8738061,0.7851468,1.2521043,0.59312016,0.3333694,1.1331986,0.29786992
132,0.86267734,0.9440843,0.75860846,0.17982683,0.9781526,1.3492647,0.8317151,0.13690138,0.3579205,0.52784276,1.0161328,1.1894716,1.1964546,0.7069753,0.5103078,0.51962453,0.09088711,0.16725604,1.589202,1.2758805,0.6222434,0.9885445,0.6390295,1.0484201,0.21766527,0.94468933,0.75041175,1.2393745,0.63108987,0.2847706,1.0434706,0.1758163
133,0.80097,0.933656,0.7025672,0.22306727,0.9289802,1.2354378,0.7576435,0.14020413,0.27170998,0.49658248,0.95956594,1.1427845,1.0860168,0.6626877,0.47488785,0.4947225,0.15411651,0.15461455,1.4557409,1.1967651,0.5516957,0.9153617,0.55371994,0.96947426,0.2647617,0.9688848,0.633545,1.2063857,0.6280388,0.33393267,1.0246497,0.19419168
134,0.93720806,1.0204529,0.8774296,0.26998955,1.0389187,1.5630409,0.90853757,0.3276093,0.29847816,0.4787233,1.0997884,1.1177725,1.2288129,0.8136939,0.5564423,0.5197502,0.30889767,0.19791207,1.7051394,1.4121548,0.7219355,0.97920436,0.6527476,1.3664651,0.3739332,0.91282576,0.8041182,1.2834716,0.64484704,0.29834363,1.1281624,0.30416545
135,0.92231,1.0156361,0.86625403,0.24200569,1.0388434,1.5467489,0.8922687,0.31963292,0.28445584,0.47508955,1.0638121,1.108493,1.2229925,0.79476315,0.5487924,0.5184568,0.2726245,0.20296447,1.719446,1.3951329,0.70812154,0.95413065,0.6482582,1.3406229,0.36475694,0.89042926,0.78935546,1.2740747,0.6227285,0.2843843,1.1327698,0.30912268
136,0.86477184,0.9889459,0.80942196,0.21020916,0.9621566,1.3126062,0.8126853,0.15052286,0.34139264,0.54284656,1.0086437,1.1719111,1.1754258,0.69742763,0.5500494,0.48498946,0.10608546,0.19674966,1.5886391,1.3420204,0.5783758,0.99009824,0.6337988,1.0452794,0.2782673,0.9260769,0.7057363,1.2118642,0.617211,0.2676031,1.0365872,0.1355102
137,0.8838558,0.9887086,0.7898657,0.18691576,0.9964303,1.36372,0.785993,0.100519314,0.36027783,0.5592805,1.0064417,1.205361,1.1556687,0.7024811,0.52038026,0.50186926,0.10155349,0.15826666,1.5656236,1.2715211,0.5494995,0.9916194,0.64616483,1.0264924,0.23057151,0.9364631,0.73519504,1.2304745,0.60601455,0.2768927,1.0068789,0.15713082
138,0.9441757,1.0244153,0.884178,0.26511958,1.0515971,1.569108,0.90833133,0.33374786,0.2975485,0.47208625,1.0995704,1.1170206,1.2397262,0.8109912,0.5596163,0.52903247,0.30130178,0.20533077,1.7130922,1.4094763,0.7213049,0.9860347,0.65157723,1.3701663,0.3799193,0.8953079,0.8055087,1.2834172,0.63472944,0.30321798,1.1422039,0.3005022
139,0.8974791,0.96816313,0.83643085,0.17785816,1.0159621,1.4046371,0.8445201,0.16929494,0.38975126,0.55921614,0.9796071,1.1549672,1.1907544,0.70971954,0.5062093,0.5061062,0.19902182,0.31179038,1.6044272,1.3484311,0.64862174,0.97925884,0.63940036,1.1372383,0.24795018,0.97930914,0.7187734,1.2764697,0.64366496,0.3013159,1.0859987,0.2541221
140,0.91702276,1.0032208,0.850592,0.2820982,1.0468051,1.5350301,0.87427026,0.33036432,0.28014773,0.4677868,1.0812492,1.1085395,1.206465,0.78847665,0.5543806,0.5170094,0.28612766,0.19589232,1.6402671,1.3676099,0.68911713,0.9698695,0.61547655,1.3128963,0.4000761,0.87425303,0.77913356,1.2720652,0.6062982,0.30785516,1.1382574,0.3088097
141,0.832293,0.96736574,0.74996835,0.21803439,0.9862467,1.2887372,0.8300507,0.15239266,0.36424655,0.5697901,1.0594112,1.2017218,1.1827941,0.68396854,0.5348667,0.4440106,0.15440707,0.24357247,1.62181,1.3488874,0.6332675,0.99839556,0.6204887,1.0296814,0.31456786,0.98618805,0.6572999,1.2118093,0.6592858,0.2868229,1.081469,0.103547774
142,0.82942575,0.9485469,0.7710682,0.28304973,1.0464233,1.4048291,0.7655454,0.20010966,0.32620838,0.5121342,1.0165635,1.160759,1.1709026,0.75620043,0.47465923,0.49439916,0.24585906,0.23200718,1.5702164,1.2571503,0.60452116,0.99359477,0.5623243,1.0757974,0.2682088,0.97230226,0.6177338,1.2743224,0.65154064,0.3416776,1.1391555,0.2357959
143,0.88740104,0.9853515,0.82232744,0.24011861,1.0033387,1.4702268,0.83011115,0.30136836,0.26890343,0.4647326,1.0132437,1.0974345,1.1563603,0.7625152,0.52453417,0.48817453,0.2392194,0.18096623,1.6292303,1.3265218,0.6460176,0.91644937,0.61699826,1.235474,0.35936263,0.8739687,0.7461902,1.2180204,0.5846333,0.2839804,1.0916569,0.31252623
144,0.88336647,0.9932159,0.7904692,0.30043307,1.0124967,1.462834,0.82871765,0.31956005,0.27306205,0.48304626,0.99832165,1.1109319,1.1530354,0.74475396,0.55879205,0.48693642,0.23453294,0.21338181,1.5204204,1.2878784,0.61345303,0.9011433,0.58515704,1.1867396,0.4177574,0.82543594,0.71254873,1.1994524,0.53738415,0.3111134,1.1109746,0.29804757
145,0.8679332,0.96877426,0.7908476,0.19250157,0.99213386,1.3418084,0.80988,0.1368627,0.3335598,0.55818504,1.0404229,1.2157059,1.1724916,0.6912428,0.54341763,0.48524693,0.09971819,0.17460102,1.5835453,1.3137271,0.6010608,1.0057585,0.6409656,1.0482628,0.24452281,0.95773757,0.72752863,1.227171,0.6444119,0.28394568,1.0637337,0.14602096
146,0.9207997,1.0146499,0.86232924,0.2820686,1.0209241,1.5478349,0.9076844,0.31582868,0.29456404,0.4971811,1.1025183,1.1233326,1.2177247,0.80662966,0.5668591,0.5104975,0.30657804,0.19821453,1.665119,1.3973023,0.7019281,0.96835345,0.65141964,1.334459,0.37339687,0.91258055,0.7995797,1.26778,0.6472049,0.31247845,1.0915991,0.30607194
147,0.89737064,1.031923,0.81564105,0.20282997,0.99612635,1.3815235,0.82005763,0.12532698,0.3527783,0.54114413,0.94670427,1.1996118,1.1979426,0.6909774,0.4639081,0.52775687,0.12677339,0.2168233,1.595717,1.3162831,0.58835065,0.9630376,0.6858721,1.0772349,0.2642177,0.96372366,0.7335069,1.2362185,0.58125347,0.32537118,1.0499249,0.22735327
148,0.8880082,1.0409298,0.82779986,0.2982003,1.0283902,1.3830562,0.802533,0.16449063,0.3741179,0.58644915,1.0493369,1.2909682,1.2178315,0.750537,0.55363417,0.55839765,0.14743301,0.30421972,1.714618,1.3017087,0.5594279,1.0526607,0.743189,1.0666372,0.25896782,0.95810056,0.7848661,1.2777991,0.6231991,0.32575485,1.0183333,0.21582618
149,0.90505,1.0137478,0.81786877,0.20873861,1.0752164,1.484643,0.8972744,0.16416807,0.40659058,0.5518673,0.93313247,1.1511445,1.229592,0.75682706,0.5178092,0.51094127,0.23870923,0.25724196,1.70228,1.3452863,0.687411,0.9473118,0.65386945,1.1487219,0.3220468,0.983731,0.70944715,1.2706908,0.6711952,0.353298,1.0726235,0.27313069
150,0.8724589,0.9741869,0.7844966,0.22588116,0.96264064,1.3356282,0.7916358,0.10040868,0.316483,0.55178386,1.0269939,1.1965494,1.1652887,0.71944636,0.5006624,0.4876046,0.12303759,0.15431927,1.6081079,1.3067237,0.56459314,0.99977946,0.6408178,1.0506411,0.2508765,0.95652777,0.69744337,1.2324352,0.6275823,0.27921337,1.0299438,0.14868248
151,0.8951961,0.9509531,0.7589759,0.21501288,0.98225963,1.3464342,0.8433238,0.13215709,0.30925232,0.5107692,1.0025643,1.1740314,1.1863106,0.71250325,0.47978252,0.5700544,0.18367502,0.22166845,1.6118808,1.2940164,0.6144746,1.0262679,0.62342,1.0446949,0.28532684,0.98150486,0.7050248,1.2538079,0.665037,0.30665624,1.0868254,0.22229148
152,0.90209496,0.98336065,0.8200602,0.19485858,0.995866,1.344047,0.7938603,0.118313886,0.34929296,0.53702956,0.9830573,1.1745734,1.1704475,0.70491064,0.5127043,0.5173237,0.12584206,0.18727523,1.5958147,1.3058218,0.5639911,1.0017287,0.6377211,1.057148,0.26722667,0.9440967,0.72613674,1.2319932,0.61330634,0.3041,1.0610878,0.17845361
153,0.84894055,0.9874022,0.78585374,0.25971532,0.9633029,1.285696,0.8005455,0.12668177,0.34184292,0.5588563,1.0568854,1.2206867,1.1832441,0.7214834,0.49202117,0.46521932,0.15290539,0.1971617,1.6261119,1.3347824,0.60647506,1.0167855,0.6584714,1.0641698,0.29122084,0.9610248,0.70414406,1.2266855,0.6206146,0.2839564,1.04007,0.16571328
154,0.8882515,1.0087061,0.736548,0.2368754,1.0180917,1.3733387,0.8211028,0.14604285,0.31022042,0.48403338,0.9867377,1.1872178,1.206612,0.73724043,0.5044564,0.53560907,0.16275765,0.1548235,1.6237335,1.3041886,0.5933311,0.98312926,0.59744996,1.0475955,0.31113586,0.9692747,0.7058372,1.2570499,0.5852636,0.31515348,1.0348567,0.28767028
155,0.8824576,0.9883169,0.794634,0.19383886,0.95079964,1.3080919,0.78772086,0.1303206,0.31540567,0.54160595,0.9877116,1.1833432,1.1682336,0.69989824,0.48698753,0.5116638,0.10843395,0.15993373,1.537571,1.292234,0.5643782,0.9915891,0.63961023,1.0232377,0.2527058,0.92443043,0.725604,1.193548,0.6138588,0.25290257,1.032152,0.18135554
156,0.8681032,0.9659772,0.7718418,0.23273186,1.0310053,1.4074711,0.8174252,0.15898319,0.33728984,0.55449027,0.96613926,1.2109332,1.2128524,0.69960403,0.48687264,0.54411465,0.1615694,0.1791158,1.5819081,1.2623659,0.6168951,0.999957,0.6249827,1.0321978,0.27088493,0.99174505,0.70606697,1.2894137,0.6117009,0.34524828,1.0334318,0.18346249
157,0.85686755,0.970748,0.7613445,0.24251467,0.9360174,1.367717,0.78155714,0.15909687,0.31264576,0.6085902,1.0555445,1.2066299,1.151473,0.72716784,0.5237872,0.47854877,0.11468243,0.21743436,1.5927578,1.307685,0.5555884,1.0049281,0.6033243,0.9939491,0.26734164,0.93739355,0.6637731,1.2121446,0.64293087,0.29618782,1.0330845,0.15194748
158,0.89867073,1.0308453,0.86502934,0.31355712,0.92441833,1.3023745,0.8136427,0.15136628,0.32520053,0.5354998,1.0680202,1.1858711,1.1696812,0.7566712,0.53698796,0.4725728,0.123380095,0.23533522,1.5926675,1.3355122,0.5520774,1.0707381,0.64282715,1.0441232,0.3253522,0.91832054,0.7107337,1.1993654,0.62653303,0.2985541,1.024216,0.26346147
159,0.888931,1.0378743,0.8352129,0.22105558,0.98862094,1.3848196,0.8068623,0.15443811,0.36765543,0.54056513,0.9746861,1.1784282,1.202662,0.7379657,0.48400694,0.52427924,0.16724285,0.23172987,1.6053555,1.3166535,0.5945791,0.9835318,0.66704905,1.0847911,0.24450062,0.962384,0.71763486,1.2107335,0.5928977,0.32995555,1.0760874,0.23609185
160,0.90157914,1.0272561,0.8203882,0.32576993,1.014136,1.3584813,0.8812528,0.23920088,0.40166622,0.5736893,1.1591758,1.2597796,1.2206345,0.79370815,0.60802114,0.46058124,0.2477816,0.34349805,1.7556467,1.3456702,0.58701754,1.0979322,0.67579216,1.0811068,0.38749677,0.97651917,0.7225861,1.2361012,0.7122386,0.305973,1.053726,0.23025663
161,0.9118876,1.0036894,0.85428536,0.33341068,0.94946957,1.305713,0.8439363,0.17937265,0.3438426,0.5355772,1.0792035,1.1970773,1.1993326,0.7584548,0.5769914,0.47373745,0.17729558,0.26574567,1.641761,1.3638688,0.5581954,1.068358,0.6857972,1.0738266,0.33526602,0.9257521,0.73449665,1.215245,0.6498424,0.266382,0.9890487,0.25085944
162,0.91625917,0.97279334,0.8167327,0.2702775,0.95728636,1.3178356,0.8298914,0.159455,0.3580426,0.5236478,0.95418435,1.180638,1.1513114,0.6932471,0.45588195,0.5479139,0.10592533,0.3399917,1.5839679,1.3186113,0.6151243,1.0010021,0.66098285,1.0676244,0.2808211,0.93710583,0.75686926,1.2486423,0.5926802,0.31702977,1.0694356,0.2758167
163,0.89456004,1.0094934,0.7981968,0.2762852,0.9336154,1.3252636,0.782153,0.114739686,0.33154362,0.5387957,1.0113354,1.1973609,1.1569173,0.7386755,0.49580663,0.5010569,0.14005005,0.22300297,1.6255277,1.2983978,0.5495523,1.0248845,0.66157097,1.0121022,0.25773814,0.90207195,0.73800784,1.2435584,0.59373605,0.2859069,1.0135663,0.20907028
164,0.89021116,1.0086296,0.79939514,0.26699278,0.9479431,1.3257409,0.8021471,0.11883993,0.35192496,0.53213465,1.0200182,1.192624,1.1742526,0.7236223,0.48941004,0.50294644,0.15827015,0.20046626,1.6200113,1.3371629,0.58383334,1.0326139,0.6687621,1.0083172,0.2768006,0.91713685,0.72342867,1.2120792,0.612702,0.28167617,1.0338635,0.19542076
165,0.9416003,1.0400664,0.8393101,0.2072226,0.99730235,1.3995019,0.78873986,0.17345257,0.41325718,0.6357327,0.96187896,1.2297688,1.1648033,0.68532604,0.5337022,0.46407837,0.19345684,0.1680983,1.5619786,1.3163612,0.55260664,1.0172075,0.67067015,1.004622,0.26862958,0.9632351,0.74922734,1.2464048,0.61356044,0.31733188,1.0401403,0.1616553
166,0.86794376,0.9673794,0.81492525,0.18171172,0.9544696,1.3255311,0.7887052,0.16413204,0.33954102,0.5322311,0.9871726,1.157091,1.165654,0.69098103,0.5544937,0.5091686,0.14183626,0.20132513,1.602565,1.339559,0.6201766,0.98494637,0.6180875,1.0391197,0.25280464,0.9173152,0.7200015,1.2371196,0.65102,0.28917968,1.0759944,0.17941773
167,0.85867685,0.93804175,0.75915235,0.22547661,0.9963238,1.3339994,0.8047452,0.118165806,0.32559064,0.55675435,0.9950672,1.2496293,1.1910081,0.68297505,0.4933621,0.50482637,0.08578475,0.13897333,1.6011906,1.2862844,0.62636864,0.9862272,0.6611529,1.0527027,0.24890715,0.9634988,0.73572016,1.2613311,0.6115115,0.29795226,0.9978787,0.17816107
168,0.8841578,1.0076474,0.779241,0.29031298,0.9874275,1.3605851,0.83067125,0.13543615,0.37444255,0.5578822,1.032274,1.233599,1.2074087,0.73022324,0.49704328,0.554556,0.19890063,0.22469354,1.6930355,1.3383508,0.64588636,1.0141877,0.682593,1.046571,0.31342646,0.9463369,0.74031126,1.2721921,0.623622,0.31325665,1.0472698,0.26489276
169,0.89112824,1.0007313,0.7768426,0.28626993,0.99046373,1.400052,0.79039025,0.15839298,0.36154228,0.56957495,1.0466192,1.2111639,1.1727008,0.75427717,0.5437944,0.47586885,0.18163098,0.2518169,1.6714212,1.2893386,0.5377464,1.0384852,0.64818496,0.9896284,0.26436093,0.92133814,0.70262367,1.2426605,0.6347725,0.2827258,1.030484,0.21246153
170,0.9475604,1.0269594,0.8925144,0.26952457,1.0517064,1.582939,0.91867757,0.33400813,0.30716407,0.48204878,1.1219707,1.1231793,1.2470127,0.8229794,0.5630281,0.5227493,0.3088206,0.1987017,1.7115773,1.4178373,0.7237212,0.9959008,0.6618982,1.3788368,0.38075587,0.9184695,0.8152199,1.2968584,0.64890724,0.30617955,1.1377943,0.3059884
171,0.90426177,1.0109905,0.75312465,0.2704581,1.0167319,1.3726128,0.82900673,0.122398615,0.31731448,0.506581,0.99754345,1.2129622,1.227832,0.737583,0.4791463,0.5405714,0.16301066,0.17707297,1.6640035,1.3280789,0.6091025,0.99434763,0.66032827,1.0714148,0.31577235,0.975097,0.7285972,1.2584078,0.6189965,0.3018244,1.055794,0.2983842
172,0.8760749,0.919644,0.7452868,0.18838213,1.023283,1.358614,0.85084677,0.13904302,0.38725504,0.53568524,0.9656827,1.1652017,1.1812241,0.6830051,0.54014105,0.4814176,0.14908884,0.2077521,1.6578561,1.3301841,0.6540042,0.9628367,0.6469322,1.0571904,0.26504302,0.95419514,0.7324066,1.2521143,0.647674,0.284311,1.0577607,0.14904964
173,0.851283,0.9755856,0.76183987,0.24022844,0.9603435,1.3274461,0.7685093,0.08561151,0.3105542,0.55227757,1.0402598,1.1802559,1.1613047,0.7260474,0.49696052,0.46062723,0.11075319,0.16719083,1.5831416,1.2435493,0.5820539,1.0119174,0.6164998,1.0071167,0.21990828,0.9251606,0.6853921,1.2447358,0.5904989,0.2965435,1.0402181,0.13688989
174,0.8347668,1.0012306,0.8225727,0.2548905,1.0179487,1.3084216,0.79557097,0.17723873,0.38323382,0.5698905,1.0753208,1.2351502,1.232358,0.7516847,0.52702487,0.49169683,0.16285975,0.22733329,1.6152654,1.293582,0.6226053,1.0296853,0.6661199,1.0763248,0.2573063,0.9823071,0.75412637,1.2209408,0.62351906,0.2901344,1.0364281,0.15142135
175,0.8545564,0.9931515,0.7921828,0.22473817,0.9968684,1.3286753,0.798635,0.11829993,0.34087768,0.5617014,1.0332334,1.2051386,1.1878498,0.71228826,0.5054878,0.47274396,0.12448178,0.15270236,1.5989108,1.2985795,0.598113,1.0078627,0.6510653,1.0504593,0.25137085,0.95550835,0.71483815,1.2467295,0.60307586,0.2956395,1.0482764,0.1483565
176,0.86952144,0.99376404,0.8002535,0.2790475,0.9845106,1.3408586,0.78418845,0.115570985,0.37512133,0.57550144,1.0106711,1.228033,1.1736246,0.7223185,0.49902037,0.4806138,0.16172396,0.20623535,1.6380655,1.2929347,0.5915749,1.036207,0.6714122,1.029859,0.24097534,0.94108796,0.7498198,1.2493514,0.59246445,0.31296328,1.0108397,0.17804083
177,0.88555527,0.99502265,0.8193451,0.25299895,0.98470676,1.4343992,0.8146378,0.29104435,0.28062874,0.48370054,1.0022198,1.1136214,1.1380805,0.74565476,0.51428396,0.47216433,0.22829874,0.17765419,1.5544606,1.304113,0.6142663,0.9050431,0.6333894,1.1858127,0.36422443,0.88574576,0.7269097,1.1845447,0.5725106,0.27593943,1.073668,0.31508476
178,0.87294316,0.98244184,0.7979736,0.25015655,1.0118786,1.3505538,0.77158505,0.1290947,0.3498689,0.5518964,1.0044811,1.2463092,1.1899531,0.7220269,0.4818688,0.5348972,0.080196396,0.1881191,1.6084862,1.2543892,0.60929054,1.0233063,0.6610885,1.0301389,0.24419595,0.9643591,0.74806195,1.2766141,0.58652383,0.3297607,1.032643,0.19765095
179,0.86559254,0.9472391,0.78709954,0.24653277,0.969663,1.3247089,0.7877684,0.07752485,0.313182,0.54076004,1.0436314,1.2069975,1.1637788,0.7246756,0.49630922,0.50536317,0.108077176,0.1802985,1.6096444,1.2856053,0.6145403,1.0034944,0.6600318,1.0875344,0.23687714,0.9608051,0.71878016,1.2583159,0.59658384,0.2921044,1.033438,0.17648773
180,0.85308397,0.9535426,0.7666901,0.19729316,0.9676237,1.2968699,0.76768255,0.10239731,0.3286863,0.53878564,1.0223705,1.1602108,1.1562294,0.69522023,0.5000526,0.4754164,0.09035202,0.17009991,1.5629789,1.2724426,0.5990981,1.0031419,0.5889366,0.99996996,0.23606114,0.9247752,0.6934426,1.2306417,0.6107996,0.28072444,1.0505515,0.13576785
181,0.878531,1.0198222,0.78297347,0.23208247,1.0020934,1.3579341,0.7979272,0.13091561,0.35624745,0.58136165,1.0411509,1.2332071,1.1845765,0.73743767,0.5066112,0.4827221,0.16438025,0.15842871,1.5921645,1.2964534,0.54234874,0.9900799,0.6571854,1.0275846,0.25851575,0.96090084,0.71539736,1.2352586,0.6115192,0.2751947,1.0236683,0.20298174
182,0.8926563,0.9738661,0.7389416,0.24986835,1.0347353,1.3431349,0.8023004,0.10016019,0.31991345,0.5287659,1.0665048,1.2038099,1.191853,0.71467143,0.52838093,0.49727067,0.16130348,0.17054443,1.6538476,1.2791696,0.616639,1.0335735,0.638412,1.0042284,0.30156833,0.9429539,0.7086985,1.2721277,0.6185794,0.3021864,1.0455682,0.20281394
183,0.8982742,0.9679229,0.8067796,0.22976312,0.9467571,1.2957758,0.80326575,0.13861763,0.32144886,0.5176986,1.0283716,1.1543983,1.1652066,0.71635085,0.49958417,0.52964395,0.15058845,0.24152799,1.5439339,1.3067529,0.5685247,0.99961317,0.6070789,1.055336,0.27797493,0.933378,0.7005593,1.2010344,0.6145213,0.2601894,1.0544822,0.18770617
184,0.8551683,0.92663854,0.71731347,0.22343506,1.0186884,1.3271855,0.77296543,0.10430126,0.29259002,0.5187022,1.0263712,1.2173939,1.1697853,0.696067,0.51264536,0.49571633,0.1298517,0.14541472,1.6216187,1.2299753,0.59778273,1.0103915,0.6311204,1.0068934,0.29398713,0.9831668,0.6990635,1.2647765,0.62205124,0.30622706,1.0378805,0.19479907
185,0.8240268,0.9485085,0.70141745,0.17509466,0.990446,1.287029,0.7831996,0.114498526,0.3113898,0.52530634,1.0061089,1.1897116,1.1885852,0.68816584,0.49139127,0.47457942,0.110097356,0.15426186,1.5924256,1.2292799,0.6561175,0.95260507,0.63184845,1.0306712,0.23658864,0.9813569,0.67825603,1.2481139,0.62677467,0.30098617,1.0439807,0.18153776
186,0.85735524,0.92717177,0.72114015,0.21592054,0.99204683,1.2688196,0.8156613,0.14190751,0.36154637,0.497244,1.0428832,1.1581558,1.1962852,0.7010371,0.5267528,0.5266858,0.10416454,0.22094403,1.5977488,1.2772847,0.65107,1.0033758,0.6014306,1.0158596,0.27987808,0.9242394,0.72456855,1.2337795,0.65013033,0.29404047,1.0454537,0.17155302
187,0.853251,1.0168796,0.8220975,0.267087,1.0302862,1.3502461,0.8119941,0.18046685,0.3793573,0.5974571,1.1381484,1.284089,1.1992917,0.7753251,0.5792843,0.44794708,0.17142713,0.26754963,1.6985412,1.2894455,0.5716882,1.0387346,0.65521586,1.085546,0.28655237,0.9725968,0.72844315,1.2454766,0.64976686,0.3428759,1.0661113,0.16964571
188,0.9318814,0.94698364,0.86466783,0.24154066,0.99854773,1.3482914,0.8173848,0.19402201,0.3685034,0.56423867,1.0268087,1.2103684,1.1887938,0.7342237,0.5907726,0.59800357,0.20874567,0.25888205,1.6265954,1.3662298,0.6125671,1.0410118,0.6661796,1.1367476,0.32210177,0.990879,0.7451044,1.2337722,0.68541515,0.29005432,1.0309238,0.25219035
189,0.8150583,0.9099472,0.78755563,0.29128346,0.93416953,1.3080658,0.83883715,0.16417389,0.35205558,0.5520573,1.0872734,1.1133178,1.1834576,0.7588519,0.5935104,0.60487795,0.13929245,0.34295368,1.6163317,1.3502082,0.64243793,1.026934,0.5626612,1.0745287,0.3960956,0.9321683,0.6535127,1.2041814,0.7547362,0.29249984,1.113741,0.19781864
190,0.8457351,0.9615187,0.76081103,0.2905649,1.0245013,1.3379153,0.8135471,0.14662398,0.3699296,0.55609936,1.1100066,1.2134789,1.2004249,0.7517096,0.5465686,0.50613135,0.1679941,0.2782984,1.6024375,1.2318301,0.5621991,1.0010979,0.6029659,1.0105004,0.25226083,0.95673084,0.70026976,1.2140515,0.66419184,0.3310394,1.0668056,0.14801241
191,0.86931133,0.98362213,0.8037959,0.26374832,0.97192156,1.3525317,0.79561883,0.10747456,0.32542026,0.5601019,1.0360354,1.2221918,1.176519,0.72770274,0.5094656,0.5233799,0.12853575,0.18612345,1.6162457,1.2882111,0.597491,1.0275198,0.69261426,1.0679922,0.23567335,0.9492739,0.73926824,1.2444715,0.59058815,0.30092064,1.0177377,0.17540136
192,0.93020195,1.0190644,0.85249364,0.266697,1.0316849,1.5480186,0.8911062,0.33125803,0.2752094,0.47774953,1.0760663,1.1160507,1.217351,0.79156595,0.5501862,0.5285924,0.29482237,0.19432914,1.6809815,1.388679,0.7013269,0.9740649,0.63558495,1.319359,0.3736792,0.8853857,0.7898341,1.269636,0.62732166,0.3138757,1.1606445,0.28895956
193,0.8723069,0.9857501,0.79557127,0.21101677,0.9924,1.3418626,0.7911836,0.14020637,0.36472097,0.58330595,1.0250362,1.2308965,1.1635008,0.70445234,0.5491021,0.45707336,0.15211721,0.2042557,1.6042641,1.2965877,0.56945723,1.0235189,0.6445346,1.0265023,0.2706425,0.95933133,0.7141396,1.2223066,0.64051974,0.30423248,1.050993,0.1320001
194,0.89120656,1.0014056,0.80706185,0.2199991,0.9681519,1.3414043,0.7840585,0.11036151,0.35251978,0.5369145,0.97248346,1.1947736,1.1679503,0.71551114,0.4782974,0.52662283,0.12610167,0.15887913,1.6180729,1.3099948,0.5704336,0.99333745,0.6740467,1.0428576,0.25895518,0.93887967,0.72284245,1.2444658,0.6263472,0.29374424,1.0467889,0.19683598
195,0.8437591,0.9845592,0.7500276,0.18711661,0.98102605,1.2597108,0.7915286,0.1030405,0.3072732,0.51403403,0.993683,1.1763477,1.185228,0.69325405,0.46348238,0.51080966,0.14426228,0.19908899,1.5785694,1.2938354,0.6155281,0.9249985,0.6463874,1.0923278,0.26276127,0.9474032,0.6692111,1.2234789,0.59857064,0.2500073,1.0114684,0.23517604
196,0.9213529,1.0117842,0.8739259,0.25702897,1.0296512,1.5445876,0.89545864,0.3204173,0.29794994,0.4781224,1.0926783,1.1062554,1.2194594,0.8046123,0.5503149,0.50420463,0.29398006,0.19199224,1.6729119,1.3820347,0.69777083,0.97098494,0.6516554,1.3324199,0.37017506,0.91124016,0.79251933,1.2663676,0.6375855,0.2900078,1.1132814,0.3013039
197,0.8471279,0.9812309,0.79741997,0.20703794,0.9618691,1.3389826,0.78247,0.12287366,0.30563468,0.5598226,1.0266492,1.2057849,1.157423,0.72431827,0.5413159,0.4839967,0.090915844,0.1735511,1.5890216,1.287897,0.55493057,1.0072676,0.6110283,1.0326293,0.26526418,0.91286016,0.6753956,1.2005475,0.6408455,0.2952172,1.0370651,0.1677638
198,0.9251625,1.0165612,0.8633548,0.27849156,1.0572269,1.5577691,0.89353746,0.33226144,0.29005167,0.47208375,1.0999457,1.1177005,1.2328608,0.8032284,0.55887914,0.51661617,0.29690003,0.20182492,1.6624937,1.3822677,0.7034106,0.9838157,0.6250373,1.3290279,0.3986422,0.8861393,0.78663313,1.2805692,0.6172699,0.31024352,1.1488053,0.30215052
199,0.8405349,0.9739455,0.7932386,0.20828189,0.9368895,1.3292019,0.7879537,0.0973153,0.2995926,0.5469394,1.0062693,1.1899683,1.1505629,0.71033156,0.51107025,0.4892458,0.09233899,0.16905373,1.5501206,1.2949193,0.55626756,0.97890204,0.6245423,1.0584887,0.24765669,0.9065817,0.6920438,1.2117698,0.6163796,0.27653033,1.0165768,0.16562177
200,0.9039373,1.0111989,0.8373951,0.28717437,1.0142673,1.5175207,0.87765604,0.31390625,0.28168374,0.46762887,1.0645868,1.1026525,1.2106897,0.7880455,0.5390427,0.5101158,0.29240704,0.18604445,1.6186588,1.3544577,0.68628514,0.95837235,0.61770177,1.2938719,0.3832112,0.86492676,0.7623803,1.245212,0.5935511,0.29721692,1.1286844,0.28852007
201,0.8779192,0.93554497,0.76675105,0.22040781,0.8909182,1.3001437,0.7793006,0.13706222,0.24930857,0.53957933,0.9770304,1.1685628,1.0667418,0.70026344,0.45820597,0.54106045,0.17272182,0.25594062,1.5234001,1.2509722,0.51694393,0.96666664,0.5721457,0.98884284,0.29892018,0.9512671,0.663958,1.2321748,0.6157115,0.31993443,1.0588375,0.23221624
202,0.84688085,0.93779737,0.7543469,0.2434092,1.0003426,1.3200922,0.7987879,0.13724734,0.29452363,0.54104215,1.0427463,1.2102042,1.1765797,0.7028711,0.52710325,0.53253394,0.1387127,0.19550218,1.6399664,1.2723968,0.59983253,1.0168476,0.65495825,1.0383168,0.3001951,0.9468157,0.7227215,1.243634,0.6397726,0.27704245,0.97510844,0.17608675
203,0.86158556,0.95999104,0.7842279,0.2280186,0.9544382,1.3202057,0.8085828,0.1189591,0.3019021,0.5375734,1.020857,1.1988628,1.1724106,0.70267206,0.51938623,0.5125937,0.09290223,0.17795214,1.5815849,1.2902385,0.5665545,0.99715334,0.64974797,1.0659465,0.25783452,0.9138846,0.7143278,1.1944224,0.61486,0.26420522,1.0049948,0.16965279
204,0.9395139,1.023884,0.87625235,0.2680927,1.040691,1.5619502,0.9055773,0.3296177,0.30090055,0.47905806,1.0901244,1.1187303,1.2294025,0.80959517,0.55433404,0.5213057,0.2995113,0.1990493,1.6923836,1.4015871,0.713807,0.9764374,0.6551893,1.3568718,0.37996063,0.9002017,0.8000179,1.2758731,0.62992007,0.29735303,1.1358482,0.29750323
205,0.8670351,0.8771319,0.7386999,0.20577432,1.0488721,1.4033654,0.8426515,0.1628233,0.28822568,0.5301551,1.0401824,1.156435,1.2134721,0.6990318,0.4712313,0.54018915,0.19751972,0.20576207,1.6297984,1.264879,0.68541443,0.95973873,0.5782097,1.091193,0.27901956,0.9917498,0.69255203,1.2916837,0.6561803,0.294001,1.0882938,0.27751726
206,0.892296,0.9972804,0.8119118,0.2978055,1.03418,1.5030468,0.859857,0.32048586,0.28206524,0.4657721,1.0606859,1.1120209,1.1865921,0.77378935,0.55280906,0.50905895,0.28692156,0.19697873,1.5753351,1.3351799,0.66251606,0.94973236,0.58168817,1.2541794,0.41094288,0.85804665,0.75565773,1.240757,0.58804137,0.31814706,1.12277,0.30194068
207,0.92614704,1.0766022,0.8457478,0.32712305,0.94912755,1.3682041,0.8055645,0.16536921,0.3642613,0.56326103,1.0225208,1.2277117,1.1862919,0.77070963,0.51575285,0.48112792,0.17705588,0.26915506,1.6476835,1.3158318,0.51323986,1.0698363,0.67608976,1.0212121,0.29031405,0.92753375,0.7501321,1.2432384,0.6235736,0.33158192,1.028314,0.27074096
208,0.87415934,0.9717387,0.7997947,0.20082144,0.959968,1.3804628,0.79602337,0.11495997,0.3419919,0.55740124,0.9588437,1.1736844,1.159006,0.70559704,0.50798917,0.5305448,0.12353567,0.17165202,1.558042,1.2994779,0.5717868,0.9779634,0.63668007,1.0367308,0.2396271,0.9234951,0.72855157,1.2186642,0.6113248,0.27608356,1.012657,0.18873662
209,0.8573985,0.9566537,0.77771705,0.23749174,0.9663287,1.3636158,0.7840398,0.093792394,0.31258672,0.57525367,1.0183152,1.2232441,1.1560137,0.7138546,0.5095362,0.49449047,0.10298698,0.18852268,1.5961121,1.2746887,0.5876304,0.98655176,0.6617736,1.0574319,0.23340318,0.92479527,0.72832185,1.2262168,0.58244336,0.29984632,0.996633,0.15981534
210,0.85902274,0.9358147,0.7389005,0.29655266,0.94443446,1.3518838,0.8192854,0.15878175,0.27573043,0.5617392,0.93796986,1.16419,1.119738,0.6864333,0.4689553,0.54359895,0.22400086,0.13922617,1.4999858,1.2543461,0.5406959,0.9045697,0.5626739,1.008845,0.2278328,0.96746165,0.673547,1.2211037,0.62408066,0.34096968,1.0387834,0.22522888
211,0.85779154,0.9287789,0.7451219,0.21285887,0.9715556,1.3153881,0.7886416,0.109478384,0.28113177,0.5459385,1.062534,1.200581,1.1553423,0.7083587,0.5120798,0.48574385,0.11440934,0.17582615,1.5747361,1.250985,0.61112726,0.9943803,0.62123376,1.0372504,0.27645308,0.9370228,0.6714951,1.2569318,0.5823094,0.29121906,1.024254,0.1817488
212,0.8597643,1.0087354,0.83252794,0.28988492,0.9371738,1.2568299,0.8109458,0.15661512,0.3272844,0.53175664,1.0642674,1.1610721,1.1732216,0.75211835,0.5348872,0.4700915,0.15347078,0.19389838,1.569825,1.3253047,0.53879744,1.0294086,0.63234544,1.0592185,0.34217638,0.8995832,0.66537994,1.1812264,0.64024967,0.25633994,1.0323431,0.21513698
213,0.8371786,0.9508004,0.7736134,0.19795631,0.95688665,1.354547,0.83317757,0.09442656,0.30431327,0.54030997,1.008133,1.1728386,1.1707673,0.70918554,0.5139126,0.5193083,0.116843306,0.15330957,1.5989996,1.3085033,0.61998796,0.95751375,0.6340712,1.1159717,0.22578749,0.9514084,0.7168788,1.2196143,0.6342968,0.2615458,1.023437,0.16049367
214,0.8815089,0.9477094,0.7688886,0.19754656,1.004034,1.4017996,0.85774946,0.12839715,0.365512,0.5002597,0.969392,1.1476543,1.1800529,0.75772834,0.5389454,0.57550126,0.17473702,0.21785827,1.6478451,1.2985157,0.6114786,0.9881111,0.61164486,1.1105487,0.30384186,0.9373857,0.7417009,1.2108767,0.66317207,0.28226548,1.0346766,0.257659
215,0.84529275,0.8837963,0.7652476,0.18409301,0.9792413,1.2883624,0.7942428,0.17309068,0.3533471,0.50364816,1.0458653,1.1457565,1.1476685,0.71456915,0.5549855,0.56407195,0.12249506,0.23344634,1.6165644,1.2798413,0.64375573,0.996524,0.58136934,1.0597699,0.27276352,0.8988749,0.7356344,1.2303065,0.6609538,0.27966934,1.073366,0.2214867
216,0.86600244,0.92391247,0.7771393,0.19741668,0.981979,1.3290806,0.826196,0.12383435,0.34976375,0.51707864,0.9998104,1.1724813,1.1607325,0.7024245,0.52229065,0.53850645,0.1147145,0.20019178,1.6245443,1.3255442,0.6222224,0.98917717,0.63550943,1.0588872,0.26889727,0.92575794,0.74262804,1.2216746,0.6450081,0.2750682,1.0359747,0.16349901
217,0.81427366,0.9328838,0.7408798,0.20178896,0.956822,1.2741075,0.7941781,0.078165404,0.31191522,0.5176416,1.0315465,1.1670792,1.1773231,0.68911314,0.50721645,0.50793266,0.07513542,0.18910237,1.5502809,1.2763214,0.610164,0.9771127,0.6118996,1.0388058,0.26519635,0.91396314,0.6791593,1.1958522,0.61236256,0.25032318,1.0232495,0.13541554
218,0.9044469,0.9957911,0.8446119,0.28238255,1.0265627,1.518562,0.87275535,0.32257283,0.27681425,0.47044367,1.0718548,1.1102792,1.1983073,0.79036564,0.5594073,0.513979,0.28841048,0.19096813,1.635866,1.355987,0.68404305,0.95201886,0.6153126,1.2949061,0.3869156,0.8748022,0.77897865,1.2528636,0.60355043,0.31880555,1.123693,0.308978
219,0.8301401,0.9484518,0.7525561,0.25670782,0.97381216,1.3254081,0.7665069,0.13339457,0.29163823,0.5723647,1.0157261,1.2127787,1.1575085,0.70487756,0.49607092,0.50620645,0.19322172,0.1475457,1.5283103,1.2430992,0.5876853,0.9627329,0.6312657,1.0548632,0.21615727,0.96190816,0.681265,1.2151105,0.6191935,0.2987394,1.021736,0.1794126
220,0.83169436,0.9611361,0.7870635,0.2803242,0.9181045,1.2929647,0.846503,0.16409689,0.3035758,0.53355414,1.0398198,1.189033,1.1683117,0.72093827,0.54226923,0.5028503,0.14270088,0.2024269,1.58103,1.3026485,0.60337913,0.9857579,0.66084254,1.1084777,0.30104998,0.9400486,0.6835945,1.1606477,0.6273475,0.27053022,1.009238,0.2231757
221,0.8269104,0.95529383,0.7517018,0.24116315,0.92627996,1.2864274,0.8308351,0.17476185,0.29057392,0.5400194,1.0567449,1.1821512,1.168109,0.7114392,0.558368,0.49456537,0.1714143,0.22838113,1.5838484,1.3036368,0.5747033,0.9855806,0.6396636,1.0551413,0.3049289,0.9228716,0.660099,1.1787839,0.65800095,0.24297117,1.0217228,0.16215143
222,0.89782214,1.0335182,0.83964574,0.26900193,0.97511226,1.3376993,0.8043059,0.14102024,0.342479,0.5331739,1.0159563,1.1845388,1.1846881,0.75126356,0.49035272,0.55069053,0.18058968,0.22594649,1.6094737,1.3335438,0.5460602,1.0087663,0.6782492,1.0750705,0.2968734,0.9429327,0.718835,1.2235082,0.60393494,0.3216796,1.0613434,0.2885147
223,0.8374928,0.9227794,0.7109094,0.19611943,0.93096745,1.3381026,0.8228605,0.1598167,0.31171268,0.4904112,1.0037118,1.1283231,1.15963,0.7293659,0.4846954,0.5217106,0.13627513,0.22295703,1.6328405,1.293368,0.6478347,0.9679828,0.61173934,1.0239326,0.29148847,0.9033919,0.68207574,1.2252848,0.67938083,0.25465953,1.0741272,0.15982671
224,0.9431457,1.0258768,0.89630365,0.27988422,1.0588597,1.5753461,0.9145521,0.34211165,0.29844517,0.47075182,1.1132601,1.1232318,1.2453327,0.8261363,0.56559545,0.5391654,0.32076925,0.19562787,1.7154905,1.4103733,0.72805125,1.0011151,0.6534818,1.3843441,0.3853285,0.9021,0.82632875,1.287206,0.629866,0.31956056,1.1624285,0.30490035
225,0.8324747,0.941236,0.76188546,0.23363753,0.90115196,1.2899184,0.8082173,0.17310959,0.2668697,0.5432877,1.0520984,1.1516547,1.1429387,0.7137697,0.52220505,0.51406807,0.11406757,0.20937315,1.5644131,1.2823204,0.5710726,0.9782795,0.5872735,1.0242581,0.30169106,0.8900123,0.6477073,1.1780114,0.6315316,0.25804502,1.032217,0.17120935
226,0.85584724,0.9363739,0.82328933,0.24880214,0.88499326,1.3191296,0.8219257,0.1642422,0.27732,0.57872546,1.0227212,1.1617502,1.1512197,0.71428984,0.53072333,0.5698625,0.17238213,0.22295417,1.5686501,1.3304329,0.58006096,0.97534466,0.6598603,1.1153165,0.2510695,0.9147204,0.70828724,1.2095023,0.62196255,0.2677182,1.0331017,0.23835832
227,0.8869411,1.0155876,0.78028953,0.23444054,1.0271327,1.4373431,0.8434134,0.12225967,0.36427984,0.5103782,0.9938469,1.1542988,1.2363417,0.79337686,0.45949516,0.5562287,0.17980045,0.3310772,1.7279111,1.3453653,0.6633721,0.9744267,0.6445361,1.0891359,0.29541492,0.9580398,0.68862087,1.2776687,0.6577629,0.30661467,1.1453104,0.32239005
228,0.82334846,0.96681774,0.78015494,0.2568029,0.9216885,1.2835494,0.7877072,0.13689436,0.3174396,0.5741053,1.0817543,1.1770862,1.1521653,0.74526006,0.5155426,0.46088016,0.14891948,0.2420379,1.5654534,1.2844757,0.5539315,1.0058326,0.590205,1.0315961,0.32005873,0.9251311,0.64093167,1.1887571,0.65390056,0.25961435,1.0466005,0.1534965
229,0.8249217,0.9273317,0.7500026,0.19909321,0.9488582,1.3143651,0.75072056,0.07054477,0.30726245,0.5525768,0.98406297,1.1894745,1.1219428,0.6936918,0.473488,0.49243194,0.08228611,0.13466959,1.522689,1.259398,0.57748204,0.9679416,0.5892564,1.0215656,0.22488193,0.94730985,0.68531126,1.203667,0.6216318,0.2641359,1.0009663,0.15777859
230,0.87907565,0.98829234,0.79312414,0.24805526,0.98191386,1.3230276,0.8068994,0.08693204,0.31414056,0.52662253,1.0373491,1.1950483,1.1838824,0.7327624,0.5045404,0.51595515,0.11891702,0.19216852,1.5980113,1.3133805,0.58126503,1.0111557,0.6600569,1.0575395,0.2673178,0.9355302,0.7033987,1.2251372,0.5859169,0.28627095,1.0395008,0.1867843
231,0.84022874,0.98172045,0.759012,0.20606178,0.9523754,1.320435,0.7933494,0.11387692,0.3097215,0.5679967,1.03038,1.201733,1.1656046,0.7110225,0.5026865,0.46068108,0.109959014,0.19089584,1.5762728,1.3117328,0.58701867,0.9838258,0.6265891,1.0354307,0.25957832,0.94051534,0.66886526,1.2085388,0.61866415,0.2759611,1.0416647,0.12399461
232,0.87569344,0.9854711,0.80402875,0.21265009,0.96819776,1.3368852,0.8162372,0.13533972,0.331382,0.55233705,1.0072984,1.1795008,1.1672626,0.69581777,0.53715134,0.4880058,0.11020985,0.17940712,1.5565865,1.3033962,0.5749367,0.9964237,0.6400727,1.0435135,0.24895982,0.9171364,0.7360983,1.2162054,0.62026227,0.2785001,1.0242743,0.1515907
233,0.9601439,0.96413755,0.87751746,0.3318028,0.9771349,1.3863971,0.8052652,0.22130008,0.37654245,0.635424,1.0638955,1.1594191,1.1909536,0.7199371,0.5625574,0.63925654,0.3318378,0.19073333,1.5111303,1.304205,0.5752458,1.0543501,0.57367814,1.0822463,0.22270463,0.975784,0.7598649,1.227775,0.73539484,0.29374337,1.1146984,0.37151617
234,0.8525678,0.94756067,0.7833129,0.25058898,0.9455442,1.2930729,0.81671774,0.117258504,0.30318895,0.5289923,1.072498,1.1757209,1.1643662,0.7274587,0.52318287,0.5254465,0.1383854,0.19904846,1.609496,1.2966998,0.58740646,1.0234295,0.63425845,1.0548583,0.2728833,0.9279127,0.72438806,1.2030668,0.64860773,0.25976473,1.0252173,0.17332062
235,0.8288904,0.97075593,0.75028926,0.2638682,1.016578,1.3337946,0.76822853,0.1540914,0.32222205,0.584824,1.095194,1.2526419,1.1718835,0.75582546,0.5118452,0.49228644,0.17196798,0.20060498,1.611915,1.2495576,0.5826485,0.9886136,0.6269537,1.0472766,0.20957665,0.9837401,0.6834696,1.2198838,0.66916627,0.3156449,1.0788834,0.18479836
236,0.8548684,0.93063676,0.72456515,0.19246694,0.9692699,1.3037283,0.78587115,0.11367104,0.32275698,0.5386441,0.9966704,1.1913368,1.1507136,0.6877469,0.48747325,0.52067465,0.11594494,0.15740694,1.5437949,1.2692741,0.5860668,0.9801851,0.58894026,1.0112287,0.23748411,0.95472574,0.7142357,1.2139835,0.64823073,0.2588829,1.0175987,0.1796484
237,0.87499934,0.99540293,0.7883152,0.24603364,0.9879637,1.3499632,0.79394764,0.119053945,0.3250758,0.5724743,1.063292,1.2362539,1.1754713,0.7326259,0.5050055,0.48574224,0.12882677,0.18310557,1.6066555,1.2864826,0.5655767,1.0072978,0.6449814,1.0414472,0.22744936,0.9519768,0.7259121,1.2246897,0.59770936,0.29180786,1.011959,0.16381039
238,0.8548469,0.9499679,0.76016957,0.23500489,0.97502685,1.3175687,0.7982172,0.13251688,0.31737387,0.5404657,1.0569623,1.1689117,1.1804314,0.72833014,0.5189503,0.4851262,0.14504354,0.2106819,1.5576886,1.2959669,0.590477,0.9799761,0.5877708,1.0395213,0.22766441,0.966845,0.71196973,1.2269044,0.6563542,0.25770703,1.0838511,0.14343746
239,0.9241962,0.9807826,0.78297305,0.24592568,0.9972761,1.3281535,0.79728186,0.10592938,0.3115238,0.51627827,1.0156724,1.1895255,1.1713046,0.72151095,0.49578556,0.51018023,0.17934479,0.14419834,1.6030568,1.3227986,0.5675694,0.9921839,0.67661977,1.0667787,0.2993236,0.9604531,0.71875715,1.2773696,0.60139054,0.2827519,1.0215465,0.25201747
240,0.87219656,1.0276785,0.8130167,0.2653193,0.9450894,1.3332816,0.7839743,0.114941515,0.34056008,0.5831877,1.0268675,1.2299602,1.1634849,0.729847,0.46432152,0.4754251,0.12702292,0.19578663,1.5963385,1.3157109,0.5600248,1.0340856,0.63024676,0.99769515,0.25641486,0.9334638,0.7217952,1.211306,0.61733174,0.2988491,0.9916656,0.20207618
241,0.91529524,1.0088053,0.8587797,0.2734125,1.0216292,1.5277897,0.8874889,0.32265422,0.28253046,0.46896005,1.0831435,1.1108106,1.2055103,0.79875815,0.55059063,0.51286566,0.29157737,0.18918715,1.6467335,1.3743591,0.6872863,0.9604746,0.6293667,1.316168,0.38442498,0.89079785,0.7897861,1.2512733,0.6185481,0.3012659,1.1217526,0.30529174
242,0.84957165,1.0188131,0.7910879,0.2592989,0.91642225,1.2981701,0.78616166,0.114509106,0.29660353,0.56015605,1.0441641,1.209467,1.1719848,0.7391667,0.4655795,0.46964142,0.13174112,0.18821108,1.5836277,1.2980701,0.5689227,1.0053319,0.6376447,1.0390128,0.2567262,0.93705064,0.68687177,1.2036668,0.60769546,0.2848799,1.0340801,0.16609822
243,0.83689374,0.9873629,0.75404537,0.21434666,0.93930316,1.3150865,0.7894884,0.11312194,0.32794365,0.55732334,0.9984782,1.2049999,1.1658566,0.6921057,0.46440676,0.48125997,0.09828615,0.20207812,1.6123016,1.3161227,0.6315175,0.9825105,0.63926244,1.0184028,0.2471405,0.9532895,0.7030047,1.2403746,0.61618036,0.30362943,1.0573032,0.14360043
244,0.86636585,0.98179966,0.76561123,0.29116794,0.96331745,1.3246019,0.80295783,0.13252439,0.29801625,0.53444374,1.1080632,1.2138846,1.1788617,0.7598238,0.5363665,0.4865819,0.1860856,0.20554736,1.6637914,1.2600901,0.5738573,1.0378529,0.6652833,1.031689,0.27653503,0.95801806,0.7047533,1.2408495,0.61995703,0.26506135,1.0288572,0.2000606
245,0.8600967,0.9906598,0.7662743,0.2347997,0.9738269,1.3060988,0.79611534,0.122120924,0.32703274,0.51756084,1.0032597,1.1745862,1.1968131,0.7152397,0.48852447,0.50094056,0.0907843,0.14880112,1.5693588,1.2739594,0.5955792,0.99848264,0.6537323,1.0274475,0.22328882,0.9129691,0.706729,1.218318,0.5724221,0.27992046,1.0398518,0.15302221
246,0.9105775,1.0000334,0.7851906,0.2265949,0.9965118,1.3762324,0.82307136,0.14005426,0.33512437,0.54619217,1.0107946,1.1854508,1.1979522,0.71422756,0.50613606,0.52234536,0.15051901,0.17270538,1.606213,1.3345555,0.5463349,0.9946826,0.6378698,1.0192407,0.2855122,0.94249415,0.7119258,1.2064179,0.6444683,0.26643395,1.0349519,0.19749694
247,0.8865531,0.98332727,0.8158276,0.2677857,1.0074944,1.489336,0.8404785,0.30583546,0.27290684,0.46207172,1.0293951,1.1009561,1.1608433,0.77429503,0.53032327,0.49058944,0.27459216,0.17757022,1.5989137,1.3290343,0.65897894,0.91314197,0.6012989,1.2540989,0.37229386,0.86511534,0.7433714,1.2138612,0.58635616,0.2875554,1.0952629,0.29904234
248,0.8462026,0.9785006,0.74395365,0.24319829,0.9674089,1.3080118,0.8173474,0.1313691,0.34041196,0.5522546,1.0933696,1.188623,1.1873957,0.73620695,0.50291866,0.45556462,0.13851541,0.22438964,1.5898689,1.2925667,0.60644263,1.0204968,0.5992322,1.0052807,0.29538888,0.9340259,0.67648077,1.2049328,0.64373994,0.28975818,1.0650347,0.12879007
249,0.90670407,1.0180076,0.82262266,0.2999089,0.9152691,1.3373111,0.8065463,0.12139708,0.32228047,0.5418483,1.076275,1.188358,1.1594461,0.7781261,0.5010834,0.4964549,0.15173627,0.2230908,1.6213758,1.3164945,0.53117543,1.057893,0.63855445,1.0114884,0.29432118,0.9425736,0.71975636,1.2217525,0.63729674,0.27812907,1.0338073,0.23334128
250,0.8773487,0.9507211,0.7659911,0.22333235,0.9909849,1.3435196,0.77259153,0.110009,0.33374023,0.5478017,1.0062523,1.2225302,1.1617748,0.69815224,0.50551915,0.5045059,0.09703941,0.13280138,1.5960405,1.2720431,0.5868477,0.9944599,0.6715716,1.0291442,0.22537275,0.95083433,0.74203527,1.2428441,0.60761875,0.2754075,1.0028076,0.152188
251,0.8792022,0.99151355,0.80065006,0.27628765,0.9267245,1.334074,0.808818,0.10413702,0.3092898,0.56032866,1.0553352,1.1912376,1.1764206,0.74593836,0.4961087,0.5123852,0.14982234,0.22771783,1.6028723,1.3440174,0.5595845,1.0021714,0.65275806,1.065812,0.2984091,0.96273625,0.69153565,1.2175134,0.65058345,0.26359627,1.0351255,0.21040002
252,0.83312213,0.91439795,0.7128187,0.2030311,1.0194412,1.2885845,0.7687408,0.17650017,0.3092745,0.53147477,1.0716102,1.2221003,1.1702337,0.7351403,0.5180452,0.49630865,0.14289074,0.14756522,1.6609381,1.2470552,0.649143,1.0405865,0.6342096,1.0269104,0.2836098,0.99606663,0.66695535,1.2871704,0.6763601,0.2895956,1.0672596,0.18655041
253,0.8538102,0.9613962,0.7448879,0.22293979,0.98571384,1.3074898,0.8111123,0.109670945,0.3182333,0.53076816,1.0459911,1.1998816,1.1869045,0.7106138,0.52101487,0.494317,0.119574234,0.17920536,1.6131299,1.2854,0.606255,0.99258316,0.6441446,1.042235,0.24179322,0.9393723,0.7178379,1.2390416,0.62143683,0.2635281,1.0119213,0.15785041
254,0.8779853,1.0052203,0.79144555,0.28771597,0.9663286,1.324723,0.7991334,0.14089893,0.3449681,0.53119785,1.0446702,1.2011108,1.1805166,0.76774067,0.5192321,0.505638,0.17400424,0.20282331,1.6598727,1.3076231,0.55189955,1.0297492,0.6741538,1.0398941,0.26887095,0.91781324,0.7216533,1.2337279,0.61602724,0.26311117,1.0275335,0.2335355
255,0.8928413,1.0226047,0.82842743,0.25377655,0.9356369,1.3417008,0.8096768,0.15132818,0.34857005,0.51191986,1.0350235,1.1437294,1.1752934,0.75806177,0.50401163,0.5442526,0.12182416,0.25202644,1.6403575,1.3606184,0.58333117,1.0366465,0.6135184,0.99821556,0.30489084,0.90920424,0.69910634,1.2152125,0.6720842,0.30317375,1.0708072,0.2262694
256,0.8552306,1.0247196,0.7650977,0.27604282,0.94394463,1.3072127,0.83396447,0.16287492,0.33781856,0.53472894,1.0263389,1.1861508,1.2171992,0.7429219,0.46626616,0.52726066,0.14073148,0.23461582,1.6189471,1.2804896,0.6374271,1.0256937,0.6685749,1.0251662,0.29621512,0.9142748,0.70843774,1.2203538,0.6247606,0.29450935,1.0573008,0.2242357
257,0.91881144,1.0138429,0.85487634,0.288996,1.050452,1.5538476,0.8942277,0.33657345,0.2915797,0.48491722,1.0823816,1.1312354,1.2230451,0.81098276,0.56940657,0.515039,0.30321726,0.19711098,1.6514094,1.3719211,0.6892068,0.96402913,0.6348848,1.3206502,0.3995978,0.8819865,0.7965262,1.2534873,0.5997794,0.328258,1.1450909,0.3033398
258,0.8537274,0.9577062,0.763898,0.24395457,0.9733964,1.2972783,0.8079747,0.12830186,0.30265555,0.52992064,1.0457346,1.2009064,1.1695156,0.71117413,0.53223646,0.50830185,0.107152514,0.20421633,1.6142753,1.2701439,0.5906489,1.0068057,0.65379417,1.0555837,0.266945,0.9075439,0.73433125,1.2122763,0.6115471,0.25897545,1.0094764,0.1570624
259,0.8456264,0.9638649,0.75641376,0.22461168,0.9474873,1.2922556,0.7799522,0.11754281,0.30278128,0.54351616,1.0544899,1.1926287,1.1517895,0.71441126,0.49380153,0.47430506,0.09902154,0.16867648,1.5641987,1.2664144,0.57437396,1.009225,0.60234994,1.0130711,0.2509484,0.93314224,0.68251413,1.2083188,0.62334645,0.26618224,1.0403794,0.14381897
260,0.92493284,1.0144327,0.8629961,0.26907936,1.0371335,1.555014,0.8978021,0.32881787,0.28133026,0.47341365,1.0825948,1.1129589,1.2203028,0.80857706,0.57365495,0.53000873,0.30246428,0.1907166,1.7093484,1.3957922,0.71364695,0.96875936,0.6430923,1.3533183,0.37781337,0.8919702,0.80019194,1.2769042,0.61417174,0.32177886,1.1258856,0.30734333
261,0.8639465,0.9436228,0.7785923,0.20480828,0.9926107,1.3265085,0.82817996,0.13108595,0.33286822,0.5236656,1.0245724,1.2001632,1.199411,0.7148217,0.5199669,0.5589779,0.14951684,0.19250639,1.6135722,1.3229305,0.62129056,1.0060203,0.6676053,1.1170758,0.248428,0.9924528,0.7240371,1.2187761,0.64050084,0.26090637,1.0435121,0.17881396
262,0.8704525,0.9916824,0.7521121,0.26357448,1.0106648,1.3616308,0.8586766,0.07551034,0.34554976,0.53502625,1.0675151,1.1788343,1.2359442,0.7576686,0.49045792,0.52254486,0.17141657,0.30352473,1.6463604,1.3542695,0.6571014,0.9974491,0.6353356,1.1108844,0.32128248,0.99929565,0.6527225,1.2574698,0.61236125,0.31728238,1.1302423,0.24874699
263,0.84167635,0.93676794,0.72042453,0.18977997,1.0301847,1.3714075,0.82780313,0.07583363,0.34799752,0.5403291,0.9763541,1.1929814,1.2172543,0.7015435,0.48123217,0.50359255,0.13062368,0.21160087,1.6596648,1.2912511,0.67100745,0.96384525,0.6332575,1.0483285,0.2501013,0.99870175,0.6963179,1.298926,0.6334643,0.31054533,1.0628388,0.2347903
264,0.89519006,0.99426556,0.7939993,0.256426,0.9970109,1.3602856,0.80682176,0.14146298,0.34691572,0.5851323,1.0261179,1.222822,1.1855934,0.7293594,0.5077454,0.5095301,0.15807243,0.18979946,1.6051897,1.3411305,0.54648155,0.9946457,0.6701529,1.0559912,0.29238242,0.9786052,0.71821856,1.2238626,0.63667446,0.2722931,1.0216957,0.204869
265,0.865273,0.979121,0.76534456,0.22890386,0.9938919,1.3442937,0.7936311,0.15049994,0.3661667,0.5282202,0.9537813,1.1847914,1.1627017,0.7321999,0.51520085,0.52772504,0.14713329,0.13393274,1.6480697,1.3215345,0.605946,0.97352,0.6489291,1.0685579,0.26605666,0.9526953,0.7265322,1.2487707,0.60499024,0.28006923,1.0239978,0.21060666
266,0.8713029,0.97653973,0.7408323,0.22389354,1.0015774,1.3897438,0.84368235,0.08769855,0.33477706,0.5205308,1.0195159,1.1479784,1.1995604,0.7651995,0.46207997,0.5190314,0.17544994,0.30139852,1.6580569,1.3295552,0.6575711,0.9695693,0.6237601,1.0940664,0.2909789,0.98470676,0.6727306,1.2789009,0.6286098,0.31397858,1.1343033,0.28270066
267,0.8874545,1.0108522,0.8116357,0.2978583,0.9576701,1.3056259,0.80702734,0.14639293,0.36397502,0.52331233,0.99303263,1.1805862,1.2053477,0.72098875,0.48394287,0.5315269,0.17386098,0.25019452,1.6316878,1.2784499,0.58659375,1.0532577,0.6652398,0.99933994,0.26229885,0.9074568,0.75971335,1.1990789,0.6551159,0.2865264,1.0372587,0.24061337
268,0.9185145,1.0122981,0.85332847,0.27847442,1.0286655,1.5448626,0.8901912,0.3270953,0.2818532,0.47704753,1.0772388,1.1131722,1.2178206,0.79758185,0.5617554,0.5211193,0.29746568,0.19106498,1.6802541,1.3838117,0.7054567,0.958526,0.63958156,1.3319738,0.3787243,0.8872511,0.79451126,1.2676593,0.6148755,0.31386295,1.1252234,0.30397272
269,0.8413486,0.92197573,0.72133255,0.20605241,0.9750603,1.3520966,0.8015559,0.11570181,0.3058208,0.5023499,1.0094872,1.1290959,1.171768,0.7211033,0.4535516,0.5085096,0.17120665,0.19376919,1.5506209,1.2653201,0.62714,0.94524497,0.5670424,1.0768917,0.23843844,0.9381667,0.68556935,1.2285879,0.6403493,0.2540945,1.0720875,0.22012028
270,0.87469906,1.0097588,0.8148788,0.242493,1.0079292,1.3438927,0.80819094,0.14741707,0.3443838,0.5744853,1.0478832,1.2267138,1.1978037,0.7151795,0.55479974,0.49485826,0.109985985,0.21256989,1.6199034,1.3024356,0.5399269,1.0245296,0.6864145,1.076438,0.2621723,0.93002325,0.73133343,1.2004592,0.614424,0.2949631,1.0202955,0.17743783
271,0.8513409,0.97074014,0.72652954,0.19320957,0.9553643,1.3487797,0.7961972,0.08972656,0.30828848,0.53106374,1.021367,1.153122,1.1545699,0.7013513,0.5138715,0.4535554,0.12909774,0.16260844,1.5596226,1.2880716,0.5791545,0.951149,0.59052205,0.9834827,0.2467449,0.9355491,0.6752727,1.2419827,0.6332421,0.26842228,1.0419062,0.15702352
272,0.906165,1.0047423,0.8466685,0.2971486,1.0221393,1.5345689,0.8898055,0.321982,0.2779127,0.48835987,1.0870832,1.1193146,1.2053895,0.7957992,0.5721131,0.5149216,0.29746327,0.19832912,1.6381559,1.3760525,0.6909051,0.95347136,0.6297334,1.3140898,0.38946262,0.8883889,0.7893306,1.2607895,0.62073207,0.3220174,1.1110195,0.30804366
273,0.8640405,0.98182136,0.771116,0.1995273,0.9955467,1.3246896,0.7993567,0.13025448,0.34252197,0.57438993,1.0080975,1.2225513,1.1844695,0.6938146,0.51022196,0.4998945,0.09078702,0.16676177,1.561025,1.2964476,0.58166337,1.0077288,0.6225503,1.0188799,0.22890377,0.966115,0.71203476,1.2162443,0.6273743,0.27781317,1.0354018,0.14878526
274,0.85198385,0.9872923,0.7794107,0.26114455,1.0059175,1.3305105,0.80802226,0.13948101,0.31646317,0.5651738,1.0877562,1.2520962,1.1988635,0.73030686,0.5436333,0.4910808,0.14039734,0.20152323,1.6534395,1.2981207,0.62295043,1.0258421,0.69888276,1.0977004,0.25875556,0.9619077,0.7175699,1.2758334,0.61179584,0.2992572,1.0484278,0.15654023
275,0.84304196,0.9494396,0.81226414,0.21469098,0.96480244,1.2717618,0.8247168,0.14706527,0.3301429,0.50519025,1.0562574,1.1323092,1.1800437,0.74293447,0.56527454,0.5166739,0.15232392,0.23480685,1.5782568,1.3155612,0.56031805,0.9811096,0.5970432,1.0881312,0.30993155,0.9490997,0.67916954,1.1831492,0.6779852,0.233176,1.0593343,0.15403362
276,0.8440635,0.9616119,0.74655443,0.20338522,0.95062363,1.3023342,0.75578713,0.10944598,0.31946346,0.55035174,1.0327169,1.1890583,1.1421309,0.70617765,0.50622934,0.47202876,0.106425576,0.14308703,1.555477,1.2634087,0.58346045,0.9716428,0.5868826,1.0162733,0.20306693,0.9276524,0.68430865,1.2438611,0.6318059,0.27423656,1.020686,0.15033081
277,0.8558899,0.967247,0.72846526,0.23081967,0.99522054,1.3263621,0.7934913,0.07460395,0.32867175,0.5504,1.0305328,1.211889,1.1807024,0.7286465,0.50371695,0.4726812,0.15142551,0.19172388,1.6280437,1.282761,0.6527495,0.9476811,0.6592075,1.0714259,0.26764196,0.9779859,0.6650683,1.2828091,0.5699442,0.3195209,1.0686461,0.2768818
278,0.9009756,1.0438894,0.7930396,0.28173763,0.97467536,1.3569218,0.7981653,0.10685021,0.31822085,0.5680064,1.0857892,1.2538408,1.2118831,0.7742496,0.4889532,0.5119786,0.18442897,0.24322946,1.6368413,1.337559,0.5754879,1.0314379,0.6943952,1.0736519,0.27675927,0.992296,0.69459707,1.2712041,0.6016003,0.31275874,1.0770675,0.26253733
279,0.9237158,1.0202014,0.8560881,0.2712842,1.0259392,1.5340331,0.8942687,0.32335818,0.2882957,0.47489116,1.0673214,1.1225883,1.2125514,0.8002158,0.5541856,0.5182899,0.28345126,0.19773455,1.6446465,1.3802016,0.68194854,0.95658493,0.6332676,1.3088531,0.39126068,0.88046396,0.7875009,1.2429245,0.5961795,0.31170797,1.1339022,0.29367286
280,0.9238361,0.9560682,0.8071324,0.2228991,1.0159576,1.3706719,0.8911557,0.17100425,0.37471935,0.53367394,1.0447894,1.2051101,1.2138686,0.72582394,0.49071166,0.55201495,0.1687696,0.22491969,1.6386075,1.3030918,0.63303685,1.0444854,0.6753048,1.1405659,0.29532477,1.013417,0.78724045,1.295679,0.6374646,0.31005937,1.0895545,0.26206565
281,0.88696694,1.0419879,0.81020343,0.25633988,0.9356465,1.3482078,0.8164593,0.14111942,0.31552288,0.54365,1.0113375,1.1959181,1.1878057,0.7379926,0.5062951,0.50180775,0.14146814,0.21806641,1.6286727,1.3236885,0.56215316,1.0343297,0.65908617,1.0184977,0.28271204,0.9405188,0.726401,1.2198362,0.6496799,0.30936235,1.0425222,0.23397908
